,pred
0,25
1,25
2,25
3,25
4,25
5,3
6,3
7,3
8,3
9,21
10,21
11,21
12,21
13,15
14,15
15,15
16,15
17,0
18,0
19,0
20,0
21,0
22,3
23,3
24,3
25,3
26,3
27,28
28,28
29,28
30,28
31,28
32,19
33,19
34,19
35,19
36,6
37,6
38,6
39,6
40,19
41,19
42,19
43,19
44,19
45,4
46,4
47,4
48,4
49,4
50,5
51,5
52,5
53,5
54,20
55,20
56,20
57,20
58,21
59,21
60,21
61,21
62,19
63,19
64,19
65,19
66,2
67,2
68,2
69,31
70,31
71,31
72,31
73,31
74,20
75,20
76,20
77,20
78,27
79,27
80,27
81,27
82,27
83,27
84,27
85,27
86,27
87,1
88,1
89,1
90,1
91,9
92,9
93,9
94,9
95,21
96,21
97,21
98,21
99,9
100,9
101,9
102,9
103,4
104,4
105,4
106,4
107,27
108,27
109,27
110,27
111,28
112,28
113,28
114,28
115,28
116,10
117,10
118,10
119,10
120,10
121,10
122,12
123,12
124,12
125,12
126,12
127,12
128,9
129,9
130,9
131,9
132,9
133,29
134,29
135,29
136,29
137,29
138,29
139,4
140,4
141,4
142,4
143,19
144,19
145,19
146,19
147,19
148,0
149,0
150,0
151,0
152,15
153,15
154,15
155,15
156,15
157,31
158,31
159,31
160,31
161,9
162,9
163,9
164,9
165,17
166,17
167,17
168,17
169,25
170,25
171,25
172,25
173,21
174,21
175,21
176,21
177,4
178,4
179,4
180,4
181,10
182,10
183,10
184,10
185,19
186,19
187,19
188,19
189,3
190,3
191,3
192,3
193,13
194,13
195,13
196,13
197,13
198,23
199,23
200,23
201,23
202,24
203,24
204,24
205,24
206,24
207,9
208,9
209,9
210,9
211,9
212,15
213,15
214,15
215,15
216,4
217,4
218,4
219,4
220,11
221,11
222,11
223,11
224,26
225,26
226,26
227,26
228,10
229,10
230,10
231,10
232,4
233,4
234,4
235,4
236,9
237,9
238,9
239,9
240,9
241,9
242,9
243,9
244,23
245,23
246,23
247,23
248,27
249,27
250,27
251,27
252,7
253,7
254,7
255,7
256,8
257,8
258,8
259,8
260,25
261,25
262,25
263,25
264,26
265,26
266,26
267,26
268,26
269,15
270,15
271,15
272,15
273,29
274,29
275,29
276,29
277,29
278,17
279,17
280,17
281,17
282,17
283,6
284,6
285,6
286,6
287,6
288,20
289,20
290,20
291,20
292,20
293,12
294,12
295,12
296,12
297,6
298,6
299,6
300,6
301,9
302,9
303,9
304,9
305,4
306,4
307,4
308,4
309,4
310,4
311,6
312,6
313,6
314,6
315,6
316,4
317,4
318,4
319,4
320,4
321,4
322,4
323,23
324,23
325,23
326,23
327,23
328,22
329,22
330,22
331,22
332,2
333,2
334,2
335,2
336,12
337,12
338,12
339,12
340,12
341,0
342,0
343,0
344,0
345,0
346,6
347,6
348,6
349,6
350,27
351,27
352,27
353,27
354,27
355,27
356,27
357,27
358,7
359,7
360,7
361,7
362,7
363,15
364,15
365,15
366,15
367,8
368,8
369,8
370,8
371,8
372,27
373,27
374,27
375,27
376,27
377,27
378,27
379,31
380,31
381,31
382,31
383,31
384,31
385,31
386,31
387,31
388,31
389,31
390,19
391,19
392,19
393,19
394,9
395,9
396,9
397,9
398,22
399,22
400,22
401,22
402,17
403,17
404,17
405,17
406,14
407,14
408,14
409,14
410,14
411,14
412,14
413,14
414,27
415,27
416,27
417,27
418,27
419,27
420,4
421,4
422,4
423,4
424,4
425,11
426,11
427,11
428,11
429,30
430,30
431,30
432,30
433,30
434,17
435,17
436,17
437,17
438,29
439,29
440,29
441,29
442,21
443,21
444,21
445,21
446,21
447,12
448,12
449,12
450,12
451,25
452,25
453,25
454,25
455,25
456,25
457,31
458,31
459,31
460,31
461,31
462,0
463,0
464,0
465,0
466,0
467,0
468,0
469,0
470,0
471,0
472,8
473,8
474,8
475,8
476,8
477,9
478,9
479,9
480,9
481,21
482,21
483,21
484,21
485,21
486,21
487,21
488,21
489,4
490,4
491,4
492,4
493,28
494,28
495,28
496,28
497,9
498,9
499,9
500,9
501,9
502,17
503,17
504,17
505,17
506,2
507,2
508,2
509,2
510,20
511,20
512,20
513,20
514,20
515,3
516,3
517,3
518,3
519,4
520,4
521,4
522,4
523,4
524,27
525,27
526,27
527,27
528,4
529,4
530,4
531,4
532,21
533,21
534,21
535,21
536,21
537,28
538,28
539,28
540,28
541,2
542,2
543,2
544,2
545,2
546,2
547,2
548,2
549,4
550,4
551,4
552,4
553,6
554,6
555,6
556,6
557,5
558,5
559,5
560,5
561,13
562,13
563,13
564,13
565,13
566,7
567,7
568,7
569,7
570,31
571,31
572,31
573,31
574,31
575,1
576,1
577,1
578,1
579,0
580,0
581,0
582,0
583,7
584,7
585,7
586,7
587,3
588,3
589,3
590,3
591,27
592,27
593,27
594,27
595,25
596,25
597,25
598,25
599,26
600,26
601,26
602,26
603,29
604,29
605,29
606,29
607,13
608,13
609,13
610,13
611,13
612,21
613,21
614,21
615,21
616,28
617,28
618,28
619,28
620,19
621,19
622,19
623,19
624,21
625,21
626,21
627,21
628,26
629,26
630,26
631,26
632,26
633,7
634,7
635,7
636,7
637,3
638,3
639,3
640,3
641,23
642,23
643,23
644,23
645,5
646,5
647,5
648,5
649,5
650,5
651,19
652,19
653,19
654,19
655,7
656,7
657,7
658,7
659,7
660,4
661,4
662,4
663,4
664,4
665,19
666,19
667,19
668,19
669,29
670,29
671,29
672,29
673,14
674,14
675,14
676,14
677,14
678,19
679,19
680,19
681,19
682,25
683,25
684,25
685,25
686,8
687,8
688,8
689,8
690,30
691,30
692,30
693,30
694,6
695,6
696,6
697,6
698,6
699,4
700,4
701,4
702,4
703,28
704,28
705,28
706,28
707,12
708,12
709,12
710,12
711,18
712,18
713,18
714,18
715,6
716,6
717,6
718,6
719,2
720,2
721,2
722,2
723,13
724,13
725,13
726,13
727,29
728,29
729,29
730,29
731,30
732,30
733,30
734,30
735,30
736,2
737,2
738,2
739,2
740,27
741,27
742,27
743,27
744,26
745,26
746,26
747,26
748,31
749,31
750,31
751,31
752,14
753,14
754,14
755,14
756,27
757,27
758,27
759,27
760,24
761,24
762,24
763,24
764,19
765,19
766,19
767,19
768,7
769,7
770,7
771,7
772,12
773,12
774,12
775,12
776,12
777,12
778,19
779,19
780,19
781,19
782,1
783,1
784,1
785,1
786,26
787,26
788,26
789,26
790,3
791,3
792,3
793,3
794,14
795,14
796,14
797,14
798,23
799,23
800,23
801,23
802,8
803,8
804,8
805,8
806,4
807,4
808,4
809,4
810,29
811,29
812,29
813,29
814,29
815,29
816,20
817,20
818,20
819,20
820,10
821,10
822,10
823,10
824,31
825,31
826,31
827,31
828,15
829,15
830,15
831,15
832,29
833,29
834,29
835,29
836,29
837,29
838,4
839,4
840,4
841,4
842,4
843,4
844,9
845,9
846,9
847,9
848,9
849,9
850,2
851,2
852,2
853,2
854,2
855,28
856,28
857,28
858,28
859,11
860,11
861,11
862,11
863,29
864,29
865,29
866,29
867,29
868,10
869,10
870,10
871,10
872,19
873,19
874,19
875,19
876,31
877,31
878,31
879,31
880,4
881,4
882,4
883,4
884,2
885,2
886,2
887,2
888,23
889,23
890,23
891,23
892,7
893,7
894,7
895,7
896,7
897,30
898,30
899,30
900,30
901,29
902,29
903,29
904,29
905,29
906,29
907,29
908,9
909,9
910,9
911,9
912,5
913,5
914,5
915,5
916,17
917,17
918,17
919,17
920,6
921,6
922,6
923,6
924,4
925,4
926,4
927,4
928,4
929,4
930,14
931,14
932,14
933,14
934,18
935,18
936,18
937,18
938,9
939,9
940,9
941,9
942,25
943,25
944,25
945,25
946,21
947,21
948,21
949,21
950,0
951,0
952,0
953,0
954,9
955,9
956,9
957,9
958,2
959,2
960,2
961,2
962,7
963,7
964,7
965,7
966,17
967,17
968,17
969,17
970,29
971,29
972,29
973,29
974,10
975,10
976,10
977,10
978,12
979,12
980,12
981,12
982,14
983,14
984,14
985,14
986,8
987,8
988,8
989,8
990,10
991,10
992,10
993,10
994,20
995,20
996,20
997,20
998,20
999,12
1000,12
1001,12
1002,12
1003,12
1004,4
1005,4
1006,4
1007,4
1008,2
1009,2
1010,2
1011,2
1012,2
1013,2
1014,10
1015,10
1016,10
1017,10
1018,10
1019,15
1020,15
1021,15
1022,15
1023,6
1024,6
1025,6
1026,6
1027,6
1028,6
1029,6
1030,27
1031,27
1032,27
1033,27
1034,11
1035,11
1036,11
1037,11
1038,17
1039,17
1040,17
1041,17
1042,10
1043,10
1044,10
1045,10
1046,16
1047,16
1048,16
1049,16
1050,29
1051,29
1052,29
1053,29
1054,20
1055,20
1056,20
1057,20
1058,30
1059,30
1060,30
1061,30
1062,9
1063,9
1064,9
1065,9
1066,22
1067,22
1068,22
1069,22
1070,11
1071,11
1072,11
1073,11
1074,29
1075,29
1076,29
1077,29
1078,29
1079,29
1080,17
1081,17
1082,17
1083,17
1084,1
1085,1
1086,1
1087,1
1088,3
1089,3
1090,3
1091,3
1092,3
1093,9
1094,9
1095,9
1096,9
1097,12
1098,12
1099,12
1100,12
1101,17
1102,17
1103,17
1104,17
1105,5
1106,5
1107,5
1108,5
1109,2
1110,2
1111,2
1112,2
1113,20
1114,20
1115,20
1116,20
1117,20
1118,20
1119,9
1120,9
1121,9
1122,9
1123,10
1124,10
1125,10
1126,10
1127,10
1128,6
1129,6
1130,6
1131,6
1132,29
1133,29
1134,29
1135,29
1136,8
1137,8
1138,8
1139,8
1140,19
1141,19
1142,19
1143,19
1144,6
1145,6
1146,6
1147,6
1148,12
1149,12
1150,12
1151,12
1152,12
1153,12
1154,12
1155,12
1156,29
1157,29
1158,29
1159,29
1160,26
1161,26
1162,26
1163,26
1164,21
1165,21
1166,21
1167,21
1168,9
1169,9
1170,9
1171,9
1172,9
1173,17
1174,17
1175,17
1176,17
1177,18
1178,18
1179,18
1180,18
1181,18
1182,13
1183,13
1184,13
1185,13
1186,0
1187,0
1188,0
1189,0
1190,0
1191,28
1192,28
1193,28
1194,28
1195,4
1196,4
1197,4
1198,4
1199,4
1200,23
1201,23
1202,23
1203,23
1204,23
1205,6
1206,6
1207,6
1208,6
1209,27
1210,27
1211,27
1212,27
1213,27
1214,10
1215,10
1216,10
1217,10
1218,10
1219,7
1220,7
1221,7
1222,7
1223,7
1224,23
1225,23
1226,23
1227,23
1228,13
1229,13
1230,13
1231,13
1232,8
1233,8
1234,8
1235,8
1236,3
1237,3
1238,3
1239,3
1240,4
1241,4
1242,4
1243,4
1244,29
1245,29
1246,29
1247,29
1248,3
1249,3
1250,3
1251,3
1252,25
1253,25
1254,25
1255,25
1256,22
1257,22
1258,22
1259,22
1260,15
1261,15
1262,15
1263,15
1264,13
1265,13
1266,13
1267,13
1268,13
1269,12
1270,12
1271,12
1272,12
1273,12
1274,3
1275,3
1276,3
1277,3
1278,6
1279,6
1280,6
1281,6
1282,25
1283,25
1284,25
1285,25
1286,25
1287,16
1288,16
1289,16
1290,16
1291,16
1292,24
1293,24
1294,24
1295,24
1296,18
1297,18
1298,18
1299,18
1300,18
1301,8
1302,8
1303,8
1304,8
1305,17
1306,17
1307,17
1308,17
1309,21
1310,21
1311,21
1312,21
1313,16
1314,16
1315,16
1316,16
1317,8
1318,8
1319,8
1320,8
1321,20
1322,20
1323,20
1324,20
1325,18
1326,18
1327,18
1328,18
1329,5
1330,5
1331,5
1332,5
1333,10
1334,10
1335,10
1336,10
1337,10
1338,10
1339,10
1340,10
1341,29
1342,29
1343,29
1344,29
1345,19
1346,19
1347,19
1348,19
1349,19
1350,19
1351,21
1352,21
1353,21
1354,21
1355,12
1356,12
1357,12
1358,12
1359,12
1360,21
1361,21
1362,21
1363,21
1364,16
1365,16
1366,16
1367,16
1368,20
1369,20
1370,20
1371,20
1372,9
1373,9
1374,9
1375,9
1376,9
1377,6
1378,6
1379,6
1380,6
1381,14
1382,14
1383,14
1384,14
1385,14
1386,9
1387,9
1388,9
1389,9
1390,5
1391,5
1392,5
1393,5
1394,7
1395,7
1396,7
1397,7
1398,7
1399,28
1400,28
1401,28
1402,28
1403,28
1404,3
1405,3
1406,3
1407,3
1408,27
1409,27
1410,27
1411,27
1412,27
1413,12
1414,12
1415,12
1416,12
1417,12
1418,25
1419,25
1420,25
1421,25
1422,25
1423,23
1424,23
1425,23
1426,23
1427,21
1428,21
1429,21
1430,21
1431,10
1432,10
1433,10
1434,10
1435,10
1436,25
1437,25
1438,25
1439,25
1440,27
1441,27
1442,27
1443,27
1444,17
1445,17
1446,17
1447,17
1448,4
1449,4
1450,4
1451,4
1452,15
1453,15
1454,15
1455,15
1456,6
1457,6
1458,6
1459,6
1460,17
1461,17
1462,17
1463,17
1464,17
1465,26
1466,26
1467,26
1468,26
1469,21
1470,21
1471,21
1472,21
1473,27
1474,27
1475,27
1476,27
1477,27
1478,27
1479,27
1480,27
1481,0
1482,0
1483,0
1484,0
1485,0
1486,24
1487,24
1488,24
1489,24
1490,3
1491,3
1492,3
1493,3
1494,3
1495,21
1496,21
1497,21
1498,21
1499,15
1500,15
1501,15
1502,15
1503,15
1504,6
1505,6
1506,6
1507,6
1508,6
1509,17
1510,17
1511,17
1512,17
1513,25
1514,25
1515,25
1516,25
1517,25
1518,4
1519,4
1520,4
1521,4
1522,4
1523,4
1524,4
1525,4
1526,4
1527,4
1528,26
1529,26
1530,26
1531,26
1532,26
1533,28
1534,28
1535,28
1536,28
1537,21
1538,21
1539,21
1540,21
1541,25
1542,25
1543,25
1544,25
1545,25
1546,19
1547,19
1548,19
1549,19
1550,19
1551,24
1552,24
1553,24
1554,24
1555,24
1556,31
1557,31
1558,31
1559,31
1560,17
1561,17
1562,17
1563,17
1564,17
1565,23
1566,23
1567,23
1568,23
1569,10
1570,10
1571,10
1572,10
1573,19
1574,19
1575,19
1576,19
1577,18
1578,18
1579,18
1580,18
1581,18
1582,31
1583,31
1584,31
1585,31
1586,31
1587,27
1588,27
1589,27
1590,27
1591,5
1592,5
1593,5
1594,5
1595,5
1596,4
1597,4
1598,4
1599,4
1600,7
1601,7
1602,7
1603,7
1604,7
1605,0
1606,0
1607,0
1608,0
1609,10
1610,10
1611,10
1612,10
1613,14
1614,14
1615,14
1616,14
1617,14
1618,16
1619,16
1620,16
1621,16
1622,16
1623,16
1624,16
1625,16
1626,29
1627,29
1628,29
1629,29
1630,13
1631,13
1632,13
1633,13
1634,27
1635,27
1636,27
1637,27
1638,7
1639,7
1640,7
1641,7
1642,7
1643,31
1644,31
1645,31
1646,31
1647,31
1648,11
1649,11
1650,11
1651,11
1652,19
1653,19
1654,19
1655,19
1656,4
1657,4
1658,4
1659,4
1660,26
1661,26
1662,26
1663,26
1664,17
1665,17
1666,17
1667,17
1668,15
1669,15
1670,15
1671,15
1672,10
1673,10
1674,10
1675,10
1676,29
1677,29
1678,29
1679,29
1680,29
1681,17
1682,17
1683,17
1684,17
1685,16
1686,16
1687,16
1688,16
1689,26
1690,26
1691,26
1692,26
1693,6
1694,6
1695,6
1696,6
1697,9
1698,9
1699,9
1700,9
1701,4
1702,4
1703,4
1704,4
1705,4
1706,18
1707,18
1708,18
1709,18
1710,28
1711,28
1712,28
1713,28
1714,28
1715,28
1716,28
1717,0
1718,0
1719,0
1720,0
1721,0
1722,0
1723,5
1724,5
1725,5
1726,5
1727,5
1728,27
1729,27
1730,27
1731,27
1732,12
1733,12
1734,12
1735,12
1736,10
1737,10
1738,10
1739,10
1740,3
1741,3
1742,3
1743,3
1744,11
1745,11
1746,11
1747,11
1748,17
1749,17
1750,17
1751,17
1752,27
1753,27
1754,27
1755,27
1756,20
1757,20
1758,20
1759,20
1760,20
1761,16
1762,16
1763,16
1764,16
1765,27
1766,27
1767,27
1768,27
1769,17
1770,17
1771,17
1772,17
1773,3
1774,3
1775,3
1776,3
1777,29
1778,29
1779,29
1780,29
1781,8
1782,8
1783,8
1784,8
1785,12
1786,12
1787,12
1788,12
1789,26
1790,26
1791,26
1792,26
1793,17
1794,17
1795,17
1796,17
1797,6
1798,6
1799,6
1800,6
1801,31
1802,31
1803,31
1804,31
1805,31
1806,29
1807,29
1808,29
1809,29
1810,0
1811,0
1812,0
1813,0
1814,6
1815,6
1816,6
1817,6
1818,13
1819,13
1820,13
1821,13
1822,4
1823,4
1824,4
1825,4
1826,29
1827,29
1828,29
1829,29
1830,27
1831,27
1832,27
1833,27
1834,31
1835,31
1836,31
1837,31
1838,31
1839,12
1840,12
1841,12
1842,12
1843,14
1844,14
1845,14
1846,14
1847,14
1848,3
1849,3
1850,3
1851,3
1852,3
1853,3
1854,3
1855,3
1856,2
1857,2
1858,2
1859,2
1860,1
1861,1
1862,1
1863,1
1864,1
1865,1
1866,7
1867,7
1868,7
1869,7
1870,6
1871,6
1872,6
1873,6
1874,30
1875,30
1876,30
1877,30
1878,30
1879,6
1880,6
1881,6
1882,6
1883,4
1884,4
1885,4
1886,4
1887,4
1888,23
1889,23
1890,23
1891,23
1892,29
1893,29
1894,29
1895,29
1896,20
1897,20
1898,20
1899,20
1900,20
1901,20
1902,20
1903,20
1904,18
1905,18
1906,18
1907,18
1908,14
1909,14
1910,14
1911,14
1912,17
1913,17
1914,17
1915,17
1916,26
1917,26
1918,26
1919,26
1920,26
1921,10
1922,10
1923,10
1924,10
1925,13
1926,13
1927,13
1928,13
1929,13
1930,2
1931,2
1932,2
1933,2
1934,27
1935,27
1936,27
1937,27
1938,0
1939,0
1940,0
1941,0
1942,7
1943,7
1944,7
1945,7
1946,30
1947,30
1948,30
1949,30
1950,6
1951,6
1952,6
1953,6
1954,0
1955,0
1956,0
1957,0
1958,20
1959,20
1960,20
1961,20
1962,7
1963,7
1964,7
1965,7
1966,31
1967,31
1968,31
1969,31
1970,2
1971,2
1972,2
1973,2
1974,29
1975,29
1976,29
1977,29
1978,19
1979,19
1980,19
1981,19
1982,19
1983,3
1984,3
1985,3
1986,3
1987,12
1988,12
1989,12
1990,12
1991,18
1992,18
1993,18
1994,18
1995,6
1996,6
1997,6
1998,6
1999,16
2000,16
2001,16
2002,16
2003,30
2004,30
2005,30
2006,30
2007,4
2008,4
2009,4
2010,4
2011,19
2012,19
2013,19
2014,19
2015,19
2016,19
2017,19
2018,19
2019,4
2020,4
2021,4
2022,4
2023,10
2024,10
2025,10
2026,10
2027,29
2028,29
2029,29
2030,29
2031,24
2032,24
2033,24
2034,24
2035,7
2036,7
2037,7
2038,7
2039,25
2040,25
2041,25
2042,25
2043,23
2044,23
2045,23
2046,23
2047,10
2048,10
2049,10
2050,10
2051,26
2052,26
2053,26
2054,26
2055,26
2056,26
2057,25
2058,25
2059,25
2060,25
2061,14
2062,14
2063,14
2064,14
2065,29
2066,29
2067,29
2068,29
2069,25
2070,25
2071,25
2072,25
2073,30
2074,30
2075,30
2076,30
2077,5
2078,5
2079,5
2080,5
2081,14
2082,14
2083,14
2084,14
2085,19
2086,19
2087,19
2088,19
2089,24
2090,24
2091,24
2092,24
2093,24
2094,18
2095,18
2096,18
2097,18
2098,9
2099,9
2100,9
2101,9
2102,26
2103,26
2104,26
2105,26
2106,15
2107,15
2108,15
2109,15
2110,8
2111,8
2112,8
2113,8
2114,30
2115,30
2116,30
2117,30
2118,30
2119,30
2120,26
2121,26
2122,26
2123,26
2124,26
2125,1
2126,1
2127,1
2128,1
2129,1
2130,18
2131,18
2132,18
2133,18
2134,15
2135,15
2136,15
2137,15
2138,8
2139,8
2140,8
2141,8
2142,6
2143,6
2144,6
2145,6
2146,27
2147,27
2148,27
2149,27
2150,4
2151,4
2152,4
2153,4
2154,6
2155,6
2156,6
2157,6
2158,4
2159,4
2160,4
2161,4
2162,27
2163,27
2164,27
2165,27
2166,29
2167,29
2168,29
2169,29
2170,18
2171,18
2172,18
2173,18
2174,10
2175,10
2176,10
2177,10
2178,0
2179,0
2180,0
2181,0
2182,8
2183,8
2184,8
2185,8
2186,13
2187,13
2188,13
2189,13
2190,13
2191,13
2192,13
2193,13
2194,30
2195,30
2196,30
2197,30
2198,30
2199,18
2200,18
2201,18
2202,18
2203,12
2204,12
2205,12
2206,12
2207,0
2208,0
2209,0
2210,0
2211,17
2212,17
2213,17
2214,17
2215,17
2216,17
2217,18
2218,18
2219,18
2220,18
2221,15
2222,15
2223,15
2224,15
2225,9
2226,9
2227,9
2228,9
2229,9
2230,9
2231,9
2232,9
2233,26
2234,26
2235,26
2236,26
2237,24
2238,24
2239,24
2240,24
2241,24
2242,7
2243,7
2244,7
2245,7
2246,6
2247,6
2248,6
2249,6
2250,6
2251,0
2252,0
2253,0
2254,0
2255,5
2256,5
2257,5
2258,5
2259,13
2260,13
2261,13
2262,13
2263,11
2264,11
2265,11
2266,11
2267,3
2268,3
2269,3
2270,3
2271,3
2272,30
2273,30
2274,30
2275,30
2276,30
2277,30
2278,10
2279,10
2280,10
2281,10
2282,8
2283,8
2284,8
2285,8
2286,8
2287,8
2288,8
2289,8
2290,25
2291,25
2292,25
2293,25
2294,22
2295,22
2296,22
2297,22
2298,31
2299,31
2300,31
2301,31
2302,20
2303,20
2304,20
2305,20
2306,20
2307,20
2308,20
2309,20
2310,6
2311,6
2312,6
2313,6
2314,6
2315,2
2316,2
2317,2
2318,2
2319,21
2320,21
2321,21
2322,21
2323,21
2324,0
2325,0
2326,0
2327,0
2328,0
2329,8
2330,8
2331,8
2332,8
2333,4
2334,4
2335,4
2336,4
2337,17
2338,17
2339,17
2340,17
2341,17
2342,17
2343,17
2344,17
2345,18
2346,18
2347,18
2348,18
2349,18
2350,18
2351,18
2352,18
2353,9
2354,9
2355,9
2356,9
2357,18
2358,18
2359,18
2360,18
2361,18
2362,31
2363,31
2364,31
2365,31
2366,31
2367,31
2368,31
2369,31
2370,28
2371,28
2372,28
2373,28
2374,28
2375,28
2376,28
2377,28
2378,3
2379,3
2380,3
2381,3
2382,3
2383,24
2384,24
2385,24
2386,24
2387,24
2388,26
2389,26
2390,26
2391,26
2392,26
2393,29
2394,29
2395,29
2396,29
2397,29
2398,29
2399,29
2400,29
2401,6
2402,6
2403,6
2404,6
2405,6
2406,29
2407,29
2408,29
2409,29
2410,29
2411,29
2412,29
2413,25
2414,25
2415,25
2416,25
2417,25
2418,25
2419,25
2420,25
2421,10
2422,10
2423,10
2424,10
2425,10
2426,10
2427,10
2428,27
2429,27
2430,27
2431,27
2432,27
2433,23
2434,23
2435,23
2436,23
2437,23
2438,21
2439,21
2440,21
2441,21
2442,21
2443,9
2444,9
2445,9
2446,9
2447,9
2448,20
2449,20
2450,20
2451,20
2452,20
2453,4
2454,4
2455,4
2456,4
2457,30
2458,30
2459,30
2460,30
2461,26
2462,26
2463,26
2464,26
2465,4
2466,4
2467,4
2468,4
2469,4
2470,12
2471,12
2472,12
2473,12
2474,24
2475,24
2476,24
2477,24
2478,18
2479,18
2480,18
2481,18
2482,9
2483,9
2484,9
2485,9
2486,9
2487,9
2488,9
2489,9
2490,9
2491,10
2492,10
2493,10
2494,10
2495,20
2496,20
2497,20
2498,20
2499,29
2500,29
2501,29
2502,29
2503,14
2504,14
2505,14
2506,14
2507,25
2508,25
2509,25
2510,25
2511,9
2512,9
2513,9
2514,9
2515,17
2516,17
2517,17
2518,17
2519,16
2520,16
2521,16
2522,16
2523,28
2524,28
2525,28
2526,28
2527,7
2528,7
2529,7
2530,7
2531,19
2532,19
2533,19
2534,19
2535,2
2536,2
2537,2
2538,2
2539,23
2540,23
2541,23
2542,23
2543,13
2544,13
2545,13
2546,13
2547,11
2548,11
2549,11
2550,11
2551,15
2552,15
2553,15
2554,15
2555,31
2556,31
2557,31
2558,31
2559,0
2560,0
2561,0
2562,0
2563,8
2564,8
2565,8
2566,8
2567,6
2568,6
2569,6
2570,6
2571,28
2572,28
2573,28
2574,28
2575,17
2576,17
2577,17
2578,17
2579,0
2580,0
2581,0
2582,0
2583,24
2584,24
2585,24
2586,24
2587,13
2588,13
2589,13
2590,13
2591,9
2592,9
2593,9
2594,9
2595,11
2596,11
2597,11
2598,11
2599,25
2600,25
2601,25
2602,25
2603,14
2604,14
2605,14
2606,14
2607,2
2608,2
2609,2
2610,2
2611,31
2612,31
2613,31
2614,31
2615,28
2616,28
2617,28
2618,28
2619,12
2620,12
2621,12
2622,12
2623,20
2624,20
2625,20
2626,20
2627,10
2628,10
2629,10
2630,10
2631,15
2632,15
2633,15
2634,15
2635,0
2636,0
2637,0
2638,0
2639,0
2640,0
2641,0
2642,0
2643,20
2644,20
2645,20
2646,20
2647,6
2648,6
2649,6
2650,6
2651,6
2652,6
2653,6
2654,6
2655,2
2656,2
2657,2
2658,2
2659,3
2660,3
2661,3
2662,3
2663,18
2664,18
2665,18
2666,18
2667,2
2668,2
2669,2
2670,2
2671,7
2672,7
2673,7
2674,7
2675,1
2676,1
2677,1
2678,1
2679,8
2680,8
2681,8
2682,8
2683,8
2684,8
2685,8
2686,8
2687,8
2688,9
2689,9
2690,9
2691,9
2692,19
2693,19
2694,19
2695,19
2696,8
2697,8
2698,8
2699,8
2700,28
2701,28
2702,28
2703,28
2704,30
2705,30
2706,30
2707,21
2708,21
2709,21
2710,21
2711,10
2712,10
2713,10
2714,10
2715,10
2716,10
2717,10
2718,10
2719,6
2720,6
2721,6
2722,6
2723,18
2724,18
2725,18
2726,18
2727,4
2728,4
2729,4
2730,4
2731,0
2732,0
2733,0
2734,0
2735,0
2736,0
2737,0
2738,8
2739,8
2740,8
2741,8
2742,7
2743,7
2744,7
2745,7
2746,2
2747,2
2748,2
2749,2
2750,4
2751,4
2752,4
2753,4
2754,8
2755,8
2756,8
2757,8
2758,14
2759,14
2760,14
2761,14
2762,14
2763,14
2764,14
2765,14
2766,19
2767,19
2768,19
2769,19
2770,3
2771,3
2772,3
2773,3
2774,14
2775,14
2776,14
2777,14
2778,12
2779,12
2780,12
2781,12
2782,16
2783,16
2784,16
2785,16
2786,0
2787,0
2788,0
2789,0
2790,1
2791,1
2792,1
2793,1
2794,23
2795,23
2796,23
2797,23
2798,15
2799,15
2800,15
2801,15
2802,6
2803,6
2804,6
2805,6
2806,31
2807,31
2808,31
2809,31
2810,23
2811,23
2812,23
2813,23
2814,29
2815,29
2816,29
2817,21
2818,21
2819,21
2820,21
2821,24
2822,24
2823,24
2824,24
2825,7
2826,7
2827,7
2828,7
2829,7
2830,7
2831,7
2832,7
2833,6
2834,6
2835,6
2836,6
2837,6
2838,12
2839,12
2840,12
2841,12
2842,12
2843,12
2844,12
2845,12
2846,17
2847,17
2848,17
2849,17
2850,17
2851,6
2852,6
2853,6
2854,6
2855,18
2856,18
2857,18
2858,18
2859,18
2860,18
2861,18
2862,18
2863,7
2864,7
2865,7
2866,7
2867,7
2868,7
2869,7
2870,7
2871,16
2872,16
2873,16
2874,16
2875,4
2876,4
2877,4
2878,4
2879,28
2880,28
2881,28
2882,28
2883,29
2884,29
2885,29
2886,29
2887,4
2888,4
2889,4
2890,4
2891,4
2892,31
2893,31
2894,31
2895,31
2896,23
2897,23
2898,23
2899,23
2900,23
2901,6
2902,6
2903,6
2904,6
2905,28
2906,28
2907,28
2908,28
2909,28
2910,0
2911,0
2912,0
2913,0
2914,17
2915,17
2916,17
2917,17
2918,7
2919,7
2920,7
2921,7
2922,20
2923,20
2924,20
2925,20
2926,19
2927,19
2928,19
2929,19
2930,31
2931,31
2932,31
2933,31
2934,21
2935,21
2936,21
2937,21
2938,2
2939,2
2940,2
2941,2
2942,28
2943,28
2944,28
2945,28
2946,28
2947,19
2948,19
2949,19
2950,19
2951,14
2952,14
2953,14
2954,14
2955,14
2956,4
2957,4
2958,4
2959,4
2960,18
2961,18
2962,18
2963,18
2964,18
2965,18
2966,28
2967,28
2968,28
2969,28
2970,24
2971,24
2972,24
2973,24
2974,9
2975,9
2976,9
2977,9
2978,9
2979,9
2980,2
2981,2
2982,2
2983,2
2984,29
2985,29
2986,29
2987,29
2988,12
2989,12
2990,12
2991,12
2992,29
2993,29
2994,29
2995,29
2996,10
2997,10
2998,10
2999,10
3000,15
3001,15
3002,15
3003,15
3004,31
3005,31
3006,31
3007,31
3008,2
3009,2
3010,2
3011,2
3012,13
3013,13
3014,13
3015,13
3016,14
3017,14
3018,14
3019,14
3020,9
3021,9
3022,9
3023,9
3024,4
3025,4
3026,4
3027,4
3028,13
3029,13
3030,13
3031,13
3032,17
3033,17
3034,17
3035,17
3036,8
3037,8
3038,8
3039,8
3040,30
3041,30
3042,30
3043,30
3044,30
3045,31
3046,31
3047,31
3048,31
3049,31
3050,30
3051,30
3052,30
3053,30
3054,24
3055,24
3056,24
3057,24
3058,7
3059,7
3060,7
3061,7
3062,7
3063,15
3064,15
3065,15
3066,15
3067,20
3068,20
3069,20
3070,20
3071,20
3072,2
3073,2
3074,2
3075,2
3076,4
3077,4
3078,4
3079,4
3080,18
3081,18
3082,18
3083,18
3084,27
3085,27
3086,27
3087,27
3088,27
3089,27
3090,27
3091,11
3092,11
3093,11
3094,11
3095,11
3096,25
3097,25
3098,25
3099,25
3100,31
3101,31
3102,31
3103,31
3104,29
3105,29
3106,29
3107,29
3108,4
3109,4
3110,4
3111,4
3112,4
3113,4
3114,4
3115,7
3116,7
3117,7
3118,7
3119,23
3120,23
3121,23
3122,23
3123,16
3124,16
3125,16
3126,16
3127,2
3128,2
3129,2
3130,2
3131,2
3132,3
3133,3
3134,3
3135,3
3136,26
3137,26
3138,26
3139,26
3140,17
3141,17
3142,17
3143,17
3144,6
3145,6
3146,6
3147,6
3148,2
3149,2
3150,2
3151,2
3152,14
3153,14
3154,14
3155,14
3156,14
3157,30
3158,30
3159,30
3160,30
3161,15
3162,15
3163,15
3164,15
3165,30
3166,30
3167,30
3168,30
3169,15
3170,15
3171,15
3172,15
3173,19
3174,19
3175,19
3176,19
3177,13
3178,13
3179,13
3180,13
3181,13
3182,15
3183,15
3184,15
3185,15
3186,8
3187,8
3188,8
3189,8
3190,8
3191,8
3192,5
3193,5
3194,5
3195,5
3196,14
3197,14
3198,14
3199,14
3200,14
3201,31
3202,31
3203,31
3204,31
3205,30
3206,30
3207,30
3208,30
3209,12
3210,12
3211,12
3212,12
3213,12
3214,12
3215,27
3216,27
3217,27
3218,27
3219,16
3220,16
3221,16
3222,16
3223,8
3224,8
3225,8
3226,8
3227,8
3228,12
3229,12
3230,12
3231,12
3232,12
3233,12
3234,21
3235,21
3236,21
3237,21
3238,21
3239,21
3240,27
3241,27
3242,27
3243,27
3244,8
3245,8
3246,8
3247,8
3248,8
3249,7
3250,7
3251,7
3252,7
3253,22
3254,22
3255,22
3256,22
3257,0
3258,0
3259,0
3260,0
3261,0
3262,4
3263,4
3264,4
3265,4
3266,29
3267,29
3268,29
3269,29
3270,30
3271,30
3272,30
3273,30
3274,24
3275,24
3276,24
3277,24
3278,24
3279,24
3280,12
3281,12
3282,12
3283,12
3284,1
3285,1
3286,1
3287,3
3288,3
3289,3
3290,3
3291,3
3292,3
3293,3
3294,3
3295,12
3296,12
3297,12
3298,12
3299,12
3300,19
3301,19
3302,19
3303,19
3304,9
3305,9
3306,9
3307,9
3308,9
3309,9
3310,9
3311,21
3312,21
3313,21
3314,21
3315,6
3316,6
3317,6
3318,6
3319,6
3320,6
3321,6
3322,6
3323,6
3324,29
3325,29
3326,29
3327,29
3328,30
3329,30
3330,30
3331,30
3332,27
3333,27
3334,27
3335,27
3336,27
3337,27
3338,20
3339,20
3340,20
3341,20
3342,21
3343,21
3344,21
3345,21
3346,1
3347,1
3348,1
3349,1
3350,1
3351,7
3352,7
3353,7
3354,7
3355,6
3356,6
3357,6
3358,6
3359,31
3360,31
3361,31
3362,31
3363,13
3364,13
3365,13
3366,13
3367,5
3368,5
3369,5
3370,5
3371,12
3372,12
3373,12
3374,12
3375,21
3376,21
3377,21
3378,21
3379,23
3380,23
3381,23
3382,23
3383,28
3384,28
3385,28
3386,28
3387,16
3388,16
3389,16
3390,16
3391,2
3392,2
3393,2
3394,2
3395,16
3396,16
3397,16
3398,16
3399,12
3400,12
3401,12
3402,12
3403,27
3404,27
3405,27
3406,27
3407,23
3408,23
3409,23
3410,23
3411,14
3412,14
3413,14
3414,14
3415,9
3416,9
3417,9
3418,9
3419,30
3420,30
3421,30
3422,30
3423,25
3424,25
3425,25
3426,25
3427,3
3428,3
3429,3
3430,3
3431,29
3432,29
3433,29
3434,29
3435,31
3436,31
3437,31
3438,31
3439,18
3440,18
3441,18
3442,18
3443,17
3444,17
3445,17
3446,17
3447,26
3448,26
3449,26
3450,26
3451,29
3452,29
3453,29
3454,29
3455,31
3456,31
3457,31
3458,31
3459,0
3460,0
3461,0
3462,0
3463,16
3464,16
3465,16
3466,16
3467,31
3468,31
3469,31
3470,31
3471,14
3472,14
3473,14
3474,14
3475,26
3476,26
3477,26
3478,26
3479,13
3480,13
3481,13
3482,13
3483,26
3484,26
3485,26
3486,26
3487,25
3488,25
3489,25
3490,25
3491,25
3492,21
3493,21
3494,21
3495,21
3496,29
3497,29
3498,29
3499,29
3500,29
3501,29
3502,29
3503,29
3504,14
3505,14
3506,14
3507,14
3508,9
3509,9
3510,9
3511,9
3512,13
3513,13
3514,13
3515,13
3516,17
3517,17
3518,17
3519,17
3520,30
3521,30
3522,30
3523,30
3524,30
3525,18
3526,18
3527,18
3528,18
3529,18
3530,25
3531,25
3532,25
3533,25
3534,25
3535,20
3536,20
3537,20
3538,20
3539,20
3540,20
3541,1
3542,1
3543,1
3544,1
3545,7
3546,7
3547,7
3548,7
3549,12
3550,12
3551,12
3552,12
3553,12
3554,19
3555,19
3556,19
3557,19
3558,21
3559,21
3560,21
3561,21
3562,21
3563,28
3564,28
3565,28
3566,28
3567,8
3568,8
3569,8
3570,8
3571,16
3572,16
3573,16
3574,16
3575,16
3576,21
3577,21
3578,21
3579,21
3580,13
3581,13
3582,13
3583,13
3584,2
3585,2
3586,2
3587,2
3588,0
3589,0
3590,0
3591,0
3592,23
3593,23
3594,7
3595,7
3596,7
3597,7
3598,31
3599,31
3600,31
3601,31
3602,19
3603,19
3604,19
3605,19
3606,12
3607,12
3608,12
3609,12
3610,26
3611,26
3612,26
3613,26
3614,24
3615,24
3616,24
3617,24
3618,7
3619,7
3620,7
3621,7
3622,4
3623,4
3624,4
3625,4
3626,9
3627,9
3628,9
3629,9
3630,12
3631,12
3632,12
3633,12
3634,31
3635,31
3636,31
3637,31
3638,17
3639,17
3640,17
3641,17
3642,28
3643,28
3644,28
3645,28
3646,4
3647,4
3648,4
3649,4
3650,25
3651,25
3652,25
3653,25
3654,12
3655,12
3656,12
3657,12
3658,4
3659,4
3660,4
3661,4
3662,28
3663,28
3664,28
3665,28
3666,13
3667,13
3668,13
3669,13
3670,8
3671,8
3672,8
3673,8
3674,30
3675,30
3676,30
3677,30
3678,4
3679,4
3680,4
3681,4
3682,9
3683,9
3684,9
3685,9
3686,17
3687,17
3688,17
3689,17
3690,18
3691,18
3692,18
3693,18
3694,2
3695,2
3696,2
3697,2
3698,2
3699,2
3700,2
3701,2
3702,18
3703,18
3704,18
3705,18
3706,19
3707,19
3708,19
3709,19
3710,27
3711,27
3712,27
3713,27
3714,19
3715,19
3716,19
3717,19
3718,16
3719,16
3720,16
3721,16
3722,15
3723,15
3724,15
3725,15
3726,9
3727,9
3728,9
3729,9
3730,31
3731,31
3732,31
3733,31
3734,31
3735,23
3736,23
3737,23
3738,23
3739,29
3740,29
3741,29
3742,29
3743,0
3744,0
3745,0
3746,0
3747,0
3748,0
3749,0
3750,0
3751,15
3752,15
3753,15
3754,15
3755,2
3756,2
3757,2
3758,2
3759,15
3760,15
3761,15
3762,15
3763,16
3764,16
3765,16
3766,16
3767,30
3768,30
3769,30
3770,30
3771,2
3772,2
3773,2
3774,2
3775,13
3776,13
3777,13
3778,13
3779,2
3780,2
3781,2
3782,2
3783,29
3784,29
3785,29
3786,29
3787,19
3788,19
3789,19
3790,19
3791,19
3792,18
3793,18
3794,18
3795,18
3796,1
3797,1
3798,1
3799,1
3800,21
3801,21
3802,21
3803,21
3804,21
3805,21
3806,21
3807,21
3808,24
3809,24
3810,24
3811,24
3812,4
3813,4
3814,4
3815,4
3816,12
3817,12
3818,12
3819,12
3820,7
3821,7
3822,7
3823,7
3824,8
3825,8
3826,8
3827,8
3828,29
3829,29
3830,29
3831,29
3832,29
3833,29
3834,7
3835,7
3836,7
3837,7
3838,17
3839,17
3840,17
3841,17
3842,17
3843,17
3844,17
3845,17
3846,17
3847,15
3848,15
3849,15
3850,15
3851,2
3852,2
3853,2
3854,2
3855,17
3856,17
3857,17
3858,17
3859,30
3860,30
3861,30
3862,30
3863,30
3864,30
3865,9
3866,9
3867,9
3868,9
3869,25
3870,25
3871,25
3872,25
3873,2
3874,2
3875,2
3876,2
3877,28
3878,28
3879,28
3880,28
3881,16
3882,16
3883,16
3884,16
3885,27
3886,27
3887,27
3888,27
3889,4
3890,4
3891,4
3892,4
3893,29
3894,29
3895,29
3896,29
3897,29
3898,27
3899,27
3900,27
3901,27
3902,2
3903,2
3904,2
3905,2
3906,25
3907,25
3908,25
3909,25
3910,0
3911,0
3912,0
3913,0
3914,0
3915,15
3916,15
3917,15
3918,15
3919,3
3920,3
3921,3
3922,3
3923,3
3924,13
3925,13
3926,13
3927,13
3928,23
3929,23
3930,23
3931,23
3932,23
3933,23
3934,23
3935,23
3936,28
3937,28
3938,28
3939,28
3940,16
3941,16
3942,16
3943,16
3944,20
3945,20
3946,20
3947,20
3948,21
3949,21
3950,21
3951,21
3952,31
3953,31
3954,31
3955,31
3956,10
3957,10
3958,10
3959,10
3960,2
3961,2
3962,2
3963,2
3964,2
3965,17
3966,17
3967,17
3968,17
3969,29
3970,29
3971,29
3972,29
3973,29
3974,24
3975,24
3976,24
3977,24
3978,4
3979,4
3980,4
3981,4
3982,8
3983,8
3984,8
3985,8
3986,21
3987,21
3988,21
3989,21
3990,26
3991,26
3992,26
3993,26
3994,21
3995,21
3996,21
3997,21
3998,3
3999,3
4000,3
4001,3
4002,3
4003,19
4004,19
4005,19
4006,19
4007,4
4008,4
4009,4
4010,4
4011,27
4012,27
4013,27
4014,27
4015,25
4016,25
4017,25
4018,25
4019,25
4020,4
4021,4
4022,4
4023,4
4024,6
4025,6
4026,6
4027,6
4028,0
4029,0
4030,0
4031,0
4032,19
4033,19
4034,19
4035,19
4036,9
4037,9
4038,9
4039,9
4040,5
4041,5
4042,5
4043,5
4044,4
4045,4
4046,4
4047,4
4048,7
4049,7
4050,7
4051,7
4052,3
4053,3
4054,3
4055,3
4056,21
4057,21
4058,21
4059,21
4060,21
4061,15
4062,15
4063,15
4064,15
4065,12
4066,12
4067,12
4068,12
4069,3
4070,3
4071,3
4072,3
4073,29
4074,29
4075,29
4076,29
4077,0
4078,0
4079,0
4080,0
4081,0
4082,28
4083,28
4084,28
4085,28
4086,7
4087,7
4088,7
4089,7
4090,9
4091,9
4092,9
4093,9
4094,9
4095,17
4096,17
4097,17
4098,17
4099,17
4100,30
4101,30
4102,30
4103,30
4104,19
4105,19
4106,19
4107,19
4108,14
4109,14
4110,14
4111,14
4112,14
4113,9
4114,9
4115,9
4116,9
4117,30
4118,30
4119,30
4120,30
4121,13
4122,13
4123,13
4124,13
4125,6
4126,6
4127,6
4128,6
4129,2
4130,2
4131,2
4132,2
4133,6
4134,6
4135,6
4136,6
4137,6
4138,6
4139,19
4140,19
4141,19
4142,19
4143,2
4144,2
4145,2
4146,2
4147,28
4148,28
4149,28
4150,28
4151,20
4152,20
4153,20
4154,20
4155,27
4156,27
4157,27
4158,27
4159,29
4160,29
4161,29
4162,29
4163,15
4164,15
4165,15
4166,15
4167,26
4168,26
4169,26
4170,26
4171,17
4172,17
4173,17
4174,17
4175,17
4176,17
4177,17
4178,17
4179,17
4180,17
4181,30
4182,30
4183,30
4184,30
4185,30
4186,9
4187,9
4188,9
4189,9
4190,4
4191,4
4192,4
4193,4
4194,6
4195,6
4196,6
4197,6
4198,6
4199,3
4200,3
4201,3
4202,3
4203,9
4204,9
4205,9
4206,9
4207,9
4208,18
4209,18
4210,18
4211,18
4212,18
4213,29
4214,29
4215,29
4216,29
4217,16
4218,16
4219,16
4220,16
4221,19
4222,19
4223,19
4224,19
4225,23
4226,23
4227,23
4228,23
4229,1
4230,1
4231,1
4232,1
4233,18
4234,18
4235,18
4236,18
4237,21
4238,21
4239,21
4240,21
4241,9
4242,9
4243,9
4244,9
4245,9
4246,29
4247,29
4248,29
4249,29
4250,2
4251,2
4252,2
4253,2
4254,12
4255,12
4256,12
4257,12
4258,4
4259,4
4260,4
4261,4
4262,21
4263,21
4264,21
4265,21
4266,21
4267,12
4268,12
4269,12
4270,12
4271,14
4272,14
4273,14
4274,14
4275,29
4276,29
4277,29
4278,29
4279,14
4280,14
4281,14
4282,14
4283,14
4284,30
4285,30
4286,30
4287,30
4288,30
4289,27
4290,27
4291,27
4292,27
4293,5
4294,5
4295,5
4296,5
4297,10
4298,10
4299,10
4300,10
4301,10
4302,2
4303,2
4304,2
4305,2
4306,17
4307,17
4308,17
4309,17
4310,11
4311,11
4312,11
4313,11
4314,1
4315,1
4316,1
4317,1
4318,28
4319,28
4320,28
4321,28
4322,23
4323,23
4324,23
4325,23
4326,6
4327,6
4328,6
4329,6
4330,9
4331,9
4332,9
4333,9
4334,7
4335,7
4336,7
4337,7
4338,4
4339,4
4340,4
4341,4
4342,27
4343,27
4344,27
4345,27
4346,26
4347,26
4348,26
4349,26
4350,21
4351,21
4352,21
4353,21
4354,21
4355,18
4356,18
4357,18
4358,18
4359,5
4360,5
4361,5
4362,5
4363,5
4364,16
4365,16
4366,16
4367,16
4368,26
4369,26
4370,26
4371,26
4372,9
4373,9
4374,9
4375,9
4376,8
4377,8
4378,8
4379,8
4380,2
4381,2
4382,2
4383,2
4384,16
4385,16
4386,16
4387,16
4388,15
4389,15
4390,15
4391,15
4392,16
4393,16
4394,16
4395,16
4396,27
4397,27
4398,27
4399,27
4400,27
4401,27
4402,27
4403,19
4404,19
4405,19
4406,19
4407,18
4408,18
4409,18
4410,18
4411,0
4412,0
4413,0
4414,0
4415,12
4416,12
4417,12
4418,12
4419,12
4420,8
4421,8
4422,8
4423,8
4424,6
4425,6
4426,6
4427,6
4428,15
4429,15
4430,15
4431,15
4432,3
4433,3
4434,3
4435,3
4436,3
4437,2
4438,2
4439,2
4440,2
4441,21
4442,21
4443,21
4444,21
4445,13
4446,13
4447,13
4448,13
4449,13
4450,29
4451,29
4452,29
4453,29
4454,0
4455,0
4456,0
4457,0
4458,0
4459,21
4460,21
4461,21
4462,21
4463,13
4464,13
4465,13
4466,13
4467,3
4468,3
4469,3
4470,3
4471,4
4472,4
4473,4
4474,4
4475,7
4476,7
4477,7
4478,7
4479,7
4480,7
4481,7
4482,27
4483,27
4484,27
4485,27
4486,27
4487,17
4488,17
4489,17
4490,17
4491,17
4492,11
4493,11
4494,11
4495,11
4496,3
4497,3
4498,3
4499,3
4500,11
4501,11
4502,11
4503,11
4504,19
4505,19
4506,19
4507,19
4508,8
4509,8
4510,8
4511,8
4512,20
4513,20
4514,20
4515,20
4516,18
4517,18
4518,18
4519,18
4520,6
4521,6
4522,6
4523,6
4524,9
4525,9
4526,9
4527,9
4528,1
4529,1
4530,1
4531,1
4532,4
4533,4
4534,4
4535,4
4536,8
4537,8
4538,8
4539,8
4540,23
4541,23
4542,23
4543,23
4544,23
4545,4
4546,4
4547,4
4548,4
4549,9
4550,9
4551,9
4552,9
4553,27
4554,27
4555,27
4556,27
4557,30
4558,30
4559,30
4560,30
4561,30
4562,30
4563,30
4564,0
4565,0
4566,0
4567,0
4568,30
4569,30
4570,30
4571,30
4572,30
4573,30
4574,30
4575,30
4576,8
4577,8
4578,8
4579,8
4580,8
4581,8
4582,8
4583,8
4584,16
4585,16
4586,16
4587,16
4588,1
4589,1
4590,1
4591,1
4592,26
4593,26
4594,26
4595,26
4596,27
4597,27
4598,27
4599,27
4600,17
4601,17
4602,17
4603,17
4604,6
4605,6
4606,6
4607,6
4608,14
4609,14
4610,14
4611,14
4612,7
4613,7
4614,7
4615,7
4616,12
4617,12
4618,12
4619,12
4620,31
4621,31
4622,31
4623,31
4624,23
4625,23
4626,23
4627,23
4628,27
4629,27
4630,27
4631,27
4632,27
4633,12
4634,12
4635,12
4636,12
4637,11
4638,11
4639,11
4640,11
4641,26
4642,26
4643,26
4644,26
4645,25
4646,25
4647,25
4648,25
4649,21
4650,21
4651,21
4652,21
4653,18
4654,18
4655,18
4656,18
4657,23
4658,23
4659,23
4660,23
4661,20
4662,20
4663,20
4664,20
4665,0
4666,0
4667,0
4668,0
4669,16
4670,16
4671,16
4672,16
4673,17
4674,17
4675,17
4676,17
4677,2
4678,2
4679,2
4680,2
4681,2
4682,23
4683,23
4684,23
4685,23
4686,31
4687,31
4688,31
4689,31
4690,12
4691,12
4692,12
4693,12
4694,24
4695,24
4696,24
4697,24
4698,25
4699,25
4700,25
4701,25
4702,21
4703,21
4704,21
4705,21
4706,7
4707,7
4708,7
4709,7
4710,24
4711,24
4712,24
4713,24
4714,19
4715,19
4716,19
4717,19
4718,17
4719,17
4720,17
4721,17
4722,18
4723,18
4724,18
4725,18
4726,17
4727,17
4728,17
4729,17
4730,26
4731,26
4732,26
4733,26
4734,27
4735,27
4736,27
4737,27
4738,29
4739,29
4740,29
4741,29
4742,12
4743,12
4744,12
4745,12
4746,0
4747,0
4748,0
4749,0
4750,17
4751,17
4752,17
4753,17
4754,14
4755,14
4756,14
4757,14
4758,17
4759,17
4760,17
4761,17
4762,23
4763,23
4764,23
4765,23
4766,24
4767,24
4768,24
4769,24
4770,9
4771,9
4772,9
4773,9
4774,2
4775,2
4776,2
4777,2
4778,4
4779,4
4780,4
4781,4
4782,17
4783,17
4784,17
4785,17
4786,11
4787,11
4788,11
4789,11
4790,18
4791,18
4792,18
4793,18
4794,14
4795,14
4796,14
4797,14
4798,28
4799,28
4800,28
4801,28
4802,30
4803,30
4804,30
4805,30
4806,15
4807,15
4808,15
4809,15
4810,16
4811,16
4812,16
4813,16
4814,28
4815,28
4816,28
4817,28
4818,20
4819,20
4820,20
4821,20
4822,30
4823,30
4824,30
4825,30
4826,28
4827,28
4828,28
4829,28
4830,1
4831,1
4832,1
4833,1
4834,1
4835,29
4836,29
4837,29
4838,29
4839,29
4840,29
4841,4
4842,4
4843,4
4844,4
4845,20
4846,20
4847,20
4848,20
4849,1
4850,1
4851,1
4852,1
4853,20
4854,20
4855,20
4856,20
4857,21
4858,21
4859,21
4860,21
4861,13
4862,13
4863,13
4864,13
4865,3
4866,3
4867,3
4868,3
4869,19
4870,19
4871,19
4872,19
4873,19
4874,3
4875,3
4876,3
4877,3
4878,18
4879,18
4880,18
4881,18
4882,3
4883,3
4884,3
4885,3
4886,11
4887,11
4888,11
4889,11
4890,14
4891,14
4892,14
4893,14
4894,0
4895,0
4896,0
4897,0
4898,21
4899,21
4900,21
4901,21
4902,7
4903,7
4904,7
4905,7
4906,0
4907,0
4908,0
4909,0
4910,8
4911,8
4912,8
4913,8
4914,25
4915,25
4916,25
4917,25
4918,3
4919,3
4920,3
4921,3
4922,2
4923,2
4924,2
4925,2
4926,9
4927,9
4928,9
4929,9
4930,10
4931,10
4932,10
4933,10
4934,8
4935,8
4936,8
4937,8
4938,2
4939,2
4940,2
4941,2
4942,5
4943,5
4944,5
4945,5
4946,2
4947,2
4948,2
4949,2
4950,4
4951,4
4952,4
4953,4
4954,4
4955,20
4956,20
4957,20
4958,20
4959,15
4960,15
4961,15
4962,15
4963,15
4964,25
4965,25
4966,25
4967,25
4968,16
4969,16
4970,16
4971,16
4972,22
4973,22
4974,22
4975,22
4976,18
4977,18
4978,18
4979,18
4980,22
4981,22
4982,22
4983,22
4984,4
4985,4
4986,4
4987,4
4988,6
4989,6
4990,6
4991,6
4992,6
4993,14
4994,14
4995,14
4996,14
4997,26
4998,26
4999,26
5000,26
5001,10
5002,10
5003,10
5004,10
5005,3
5006,3
5007,3
5008,3
5009,6
5010,6
5011,6
5012,6
5013,26
5014,26
5015,26
5016,26
5017,0
5018,0
5019,0
5020,0
5021,0
5022,19
5023,19
5024,19
5025,19
5026,19
5027,25
5028,25
5029,25
5030,25
5031,4
5032,4
5033,4
5034,4
5035,29
5036,29
5037,29
5038,29
5039,9
5040,9
5041,9
5042,9
5043,13
5044,13
5045,13
5046,13
5047,8
5048,8
5049,8
5050,8
5051,15
5052,15
5053,15
5054,15
5055,23
5056,23
5057,23
5058,23
5059,27
5060,27
5061,27
5062,27
5063,20
5064,20
5065,20
5066,20
5067,12
5068,12
5069,12
5070,12
5071,14
5072,14
5073,14
5074,14
5075,20
5076,20
5077,20
5078,20
5079,10
5080,10
5081,10
5082,10
5083,17
5084,17
5085,17
5086,17
5087,6
5088,6
5089,6
5090,6
5091,12
5092,12
5093,12
5094,12
5095,13
5096,13
5097,13
5098,13
5099,23
5100,23
5101,23
5102,23
5103,18
5104,18
5105,18
5106,18
5107,13
5108,13
5109,13
5110,13
5111,7
5112,7
5113,7
5114,7
5115,4
5116,4
5117,4
5118,4
5119,8
5120,8
5121,8
5122,8
5123,29
5124,29
5125,29
5126,29
5127,4
5128,4
5129,4
5130,4
5131,8
5132,8
5133,8
5134,8
5135,27
5136,27
5137,27
5138,27
5139,27
5140,29
5141,29
5142,29
5143,29
5144,18
5145,18
5146,18
5147,18
5148,26
5149,26
5150,26
5151,26
5152,13
5153,13
5154,13
5155,13
5156,4
5157,4
5158,4
5159,4
5160,14
5161,14
5162,14
5163,14
5164,31
5165,31
5166,31
5167,31
5168,23
5169,23
5170,23
5171,23
5172,23
5173,23
5174,13
5175,13
5176,13
5177,13
5178,5
5179,5
5180,5
5181,5
5182,2
5183,2
5184,2
5185,2
5186,11
5187,11
5188,11
5189,11
5190,11
5191,14
5192,14
5193,14
5194,14
5195,14
5196,2
5197,2
5198,2
5199,2
5200,17
5201,17
5202,17
5203,17
5204,6
5205,6
5206,6
5207,6
5208,15
5209,15
5210,15
5211,15
5212,15
5213,15
5214,15
5215,15
5216,21
5217,21
5218,21
5219,21
5220,30
5221,30
5222,30
5223,30
5224,21
5225,21
5226,21
5227,21
5228,20
5229,20
5230,20
5231,20
5232,28
5233,28
5234,28
5235,28
5236,12
5237,12
5238,12
5239,12
5240,4
5241,4
5242,4
5243,4
5244,5
5245,5
5246,5
5247,5
5248,29
5249,29
5250,29
5251,29
5252,21
5253,21
5254,21
5255,21
5256,8
5257,8
5258,8
5259,8
5260,6
5261,6
5262,6
5263,6
5264,27
5265,27
5266,27
5267,27
5268,24
5269,24
5270,24
5271,24
5272,24
5273,12
5274,12
5275,12
5276,12
5277,24
5278,24
5279,24
5280,24
5281,1
5282,1
5283,1
5284,1
5285,6
5286,6
5287,6
5288,6
5289,29
5290,29
5291,29
5292,29
5293,4
5294,4
5295,4
5296,4
5297,16
5298,16
5299,16
5300,16
5301,6
5302,6
5303,6
5304,6
5305,0
5306,0
5307,0
5308,0
5309,26
5310,26
5311,26
5312,26
5313,19
5314,19
5315,19
5316,19
5317,16
5318,16
5319,16
5320,16
5321,0
5322,0
5323,0
5324,0
5325,12
5326,12
5327,12
5328,12
5329,2
5330,2
5331,2
5332,2
5333,27
5334,27
5335,27
5336,27
5337,11
5338,11
5339,11
5340,11
5341,11
5342,12
5343,12
5344,12
5345,12
5346,12
5347,19
5348,19
5349,19
5350,19
5351,6
5352,6
5353,6
5354,6
5355,6
5356,20
5357,20
5358,20
5359,20
5360,4
5361,4
5362,4
5363,4
5364,24
5365,24
5366,24
5367,24
5368,25
5369,25
5370,25
5371,25
5372,16
5373,16
5374,16
5375,16
5376,30
5377,30
5378,30
5379,30
5380,26
5381,26
5382,26
5383,26
5384,29
5385,29
5386,29
5387,29
5388,29
5389,22
5390,22
5391,22
5392,22
5393,22
5394,22
5395,22
5396,22
5397,22
5398,15
5399,15
5400,15
5401,15
5402,3
5403,3
5404,3
5405,3
5406,27
5407,27
5408,27
5409,27
5410,9
5411,9
5412,9
5413,9
5414,11
5415,11
5416,11
5417,11
5418,29
5419,29
5420,29
5421,29
5422,0
5423,0
5424,0
5425,0
5426,7
5427,7
5428,7
5429,7
5430,8
5431,8
5432,8
5433,8
5434,18
5435,18
5436,18
5437,18
5438,19
5439,19
5440,19
5441,19
5442,21
5443,21
5444,21
5445,21
5446,7
5447,7
5448,7
5449,7
5450,2
5451,2
5452,2
5453,2
5454,14
5455,14
5456,14
5457,14
5458,14
5459,14
5460,14
5461,14
5462,9
5463,9
5464,9
5465,9
5466,7
5467,7
5468,7
5469,7
5470,6
5471,6
5472,6
5473,6
5474,9
5475,9
5476,9
5477,9
5478,17
5479,17
5480,17
5481,17
5482,7
5483,7
5484,7
5485,7
5486,19
5487,19
5488,19
5489,19
5490,17
5491,17
5492,17
5493,17
5494,17
5495,1
5496,1
5497,1
5498,1
5499,15
5500,15
5501,15
5502,15
5503,18
5504,18
5505,18
5506,18
5507,12
5508,12
5509,12
5510,12
5511,12
5512,12
5513,12
5514,6
5515,6
5516,6
5517,6
5518,15
5519,15
5520,15
5521,15
5522,2
5523,2
5524,2
5525,2
5526,27
5527,27
5528,27
5529,27
5530,27
5531,27
5532,27
5533,27
5534,0
5535,0
5536,0
5537,0
5538,4
5539,4
5540,4
5541,4
5542,6
5543,6
5544,6
5545,6
5546,6
5547,6
5548,6
5549,6
5550,4
5551,4
5552,4
5553,4
5554,14
5555,14
5556,14
5557,14
5558,25
5559,25
5560,25
5561,25
5562,15
5563,15
5564,15
5565,15
5566,15
5567,12
5568,12
5569,12
5570,12
5571,12
5572,30
5573,30
5574,30
5575,30
5576,15
5577,15
5578,15
5579,15
5580,15
5581,15
5582,16
5583,16
5584,16
5585,16
5586,16
5587,9
5588,9
5589,9
5590,9
5591,29
5592,29
5593,29
5594,29
5595,22
5596,22
5597,22
5598,22
5599,22
5600,22
5601,22
5602,6
5603,6
5604,6
5605,6
5606,4
5607,4
5608,4
5609,4
5610,28
5611,28
5612,28
5613,28
5614,2
5615,2
5616,2
5617,2
5618,9
5619,9
5620,9
5621,9
5622,31
5623,31
5624,31
5625,31
5626,27
5627,27
5628,27
5629,27
5630,4
5631,4
5632,4
5633,4
5634,29
5635,29
5636,29
5637,29
5638,1
5639,1
5640,1
5641,1
5642,1
5643,1
5644,1
5645,1
5646,2
5647,2
5648,2
5649,2
5650,20
5651,20
5652,20
5653,20
5654,0
5655,0
5656,0
5657,0
5658,25
5659,25
5660,25
5661,25
5662,24
5663,24
5664,24
5665,24
5666,17
5667,17
5668,17
5669,17
5670,14
5671,14
5672,14
5673,14
5674,6
5675,6
5676,6
5677,6
5678,6
5679,6
5680,6
5681,19
5682,19
5683,19
5684,19
5685,19
5686,7
5687,7
5688,7
5689,7
5690,19
5691,19
5692,19
5693,19
5694,19
5695,19
5696,19
5697,19
5698,4
5699,4
5700,4
5701,4
5702,30
5703,30
5704,30
5705,30
5706,31
5707,31
5708,31
5709,31
5710,3
5711,3
5712,3
5713,3
5714,0
5715,0
5716,0
5717,0
5718,21
5719,21
5720,21
5721,21
5722,6
5723,6
5724,6
5725,6
5726,12
5727,12
5728,12
5729,10
5730,10
5731,10
5732,10
5733,11
5734,11
5735,11
5736,11
5737,0
5738,0
5739,0
5740,0
5741,20
5742,20
5743,20
5744,20
5745,24
5746,24
5747,24
5748,24
5749,27
5750,27
5751,27
5752,27
5753,27
5754,22
5755,22
5756,22
5757,22
5758,22
5759,3
5760,3
5761,3
5762,3
5763,17
5764,17
5765,17
5766,17
5767,17
5768,6
5769,6
5770,6
5771,6
5772,6
5773,30
5774,30
5775,30
5776,30
5777,14
5778,14
5779,14
5780,14
5781,14
5782,27
5783,27
5784,27
5785,27
5786,12
5787,12
5788,12
5789,12
5790,12
5791,8
5792,8
5793,8
5794,8
5795,8
5796,31
5797,31
5798,31
5799,31
5800,31
5801,31
5802,31
5803,31
5804,26
5805,26
5806,26
5807,26
5808,29
5809,29
5810,29
5811,29
5812,29
5813,15
5814,15
5815,15
5816,15
5817,15
5818,15
5819,6
5820,6
5821,6
5822,6
5823,8
5824,8
5825,8
5826,8
5827,13
5828,13
5829,13
5830,13
5831,9
5832,9
5833,9
5834,9
5835,12
5836,12
5837,12
5838,29
5839,29
5840,29
5841,29
5842,19
5843,19
5844,19
5845,19
5846,3
5847,3
5848,3
5849,3
5850,26
5851,26
5852,26
5853,26
5854,27
5855,27
5856,27
5857,27
5858,26
5859,26
5860,26
5861,26
5862,21
5863,21
5864,21
5865,21
5866,0
5867,0
5868,0
5869,0
5870,12
5871,12
5872,12
5873,12
5874,9
5875,9
5876,9
5877,9
5878,25
5879,25
5880,25
5881,25
5882,6
5883,6
5884,6
5885,6
5886,6
5887,6
5888,6
5889,6
5890,0
5891,0
5892,0
5893,0
5894,19
5895,19
5896,19
5897,19
5898,1
5899,1
5900,1
5901,1
5902,20
5903,20
5904,20
5905,20
5906,9
5907,9
5908,9
5909,9
5910,9
5911,19
5912,19
5913,19
5914,19
5915,0
5916,0
5917,0
5918,0
5919,12
5920,12
5921,12
5922,12
5923,31
5924,31
5925,31
5926,31
5927,25
5928,25
5929,25
5930,25
5931,5
5932,5
5933,5
5934,5
5935,21
5936,21
5937,21
5938,21
5939,15
5940,15
5941,15
5942,15
5943,13
5944,13
5945,13
5946,13
5947,18
5948,18
5949,18
5950,18
5951,15
5952,15
5953,15
5954,15
5955,27
5956,27
5957,27
5958,27
5959,17
5960,17
5961,17
5962,17
5963,8
5964,8
5965,8
5966,8
5967,29
5968,29
5969,29
5970,29
5971,3
5972,3
5973,3
5974,3
5975,16
5976,16
5977,16
5978,16
5979,7
5980,7
5981,7
5982,7
5983,31
5984,31
5985,31
5986,31
5987,0
5988,0
5989,0
5990,0
5991,0
5992,0
5993,11
5994,11
5995,11
5996,11
5997,14
5998,14
5999,14
6000,14
6001,21
6002,21
6003,21
6004,21
6005,3
6006,3
6007,3
6008,3
6009,0
6010,0
6011,0
6012,0
6013,2
6014,2
6015,2
6016,2
6017,6
6018,6
6019,6
6020,6
6021,2
6022,2
6023,2
6024,2
6025,18
6026,18
6027,18
6028,18
6029,18
6030,18
6031,18
6032,18
6033,18
6034,20
6035,20
6036,20
6037,20
6038,1
6039,1
6040,1
6041,1
6042,11
6043,11
6044,11
6045,11
6046,19
6047,19
6048,19
6049,19
6050,15
6051,15
6052,15
6053,15
6054,15
6055,31
6056,31
6057,31
6058,31
6059,26
6060,26
6061,26
6062,26
6063,27
6064,27
6065,27
6066,27
6067,16
6068,16
6069,16
6070,16
6071,26
6072,26
6073,26
6074,26
6075,29
6076,29
6077,29
6078,29
6079,1
6080,1
6081,1
6082,1
6083,19
6084,19
6085,19
6086,19
6087,28
6088,28
6089,28
6090,28
6091,19
6092,19
6093,19
6094,19
6095,30
6096,30
6097,30
6098,30
6099,12
6100,12
6101,12
6102,12
6103,29
6104,29
6105,29
6106,29
6107,8
6108,8
6109,8
6110,8
6111,20
6112,20
6113,20
6114,20
6115,20
6116,20
6117,20
6118,20
6119,23
6120,23
6121,23
6122,23
6123,7
6124,7
6125,7
6126,7
6127,26
6128,26
6129,26
6130,26
6131,7
6132,7
6133,7
6134,7
6135,6
6136,6
6137,6
6138,6
6139,31
6140,31
6141,31
6142,31
6143,18
6144,18
6145,18
6146,18
6147,15
6148,15
6149,15
6150,15
6151,15
6152,10
6153,10
6154,10
6155,10
6156,16
6157,16
6158,16
6159,16
6160,29
6161,29
6162,29
6163,29
6164,28
6165,28
6166,28
6167,28
6168,12
6169,12
6170,12
6171,12
6172,10
6173,10
6174,10
6175,10
6176,10
6177,10
6178,10
6179,10
6180,11
6181,11
6182,11
6183,11
6184,15
6185,15
6186,15
6187,15
6188,31
6189,31
6190,31
6191,31
6192,23
6193,23
6194,23
6195,23
6196,2
6197,2
6198,2
6199,2
6200,2
6201,29
6202,29
6203,29
6204,29
6205,7
6206,7
6207,7
6208,7
6209,24
6210,24
6211,24
6212,24
6213,15
6214,15
6215,15
6216,15
6217,15
6218,19
6219,19
6220,19
6221,19
6222,27
6223,27
6224,27
6225,27
6226,29
6227,29
6228,29
6229,29
6230,6
6231,6
6232,6
6233,6
6234,6
6235,27
6236,27
6237,27
6238,27
6239,6
6240,6
6241,6
6242,6
6243,18
6244,18
6245,18
6246,18
6247,10
6248,10
6249,10
6250,10
6251,30
6252,30
6253,30
6254,30
6255,15
6256,15
6257,15
6258,15
6259,16
6260,16
6261,16
6262,16
6263,2
6264,2
6265,2
6266,2
6267,13
6268,13
6269,13
6270,13
6271,23
6272,23
6273,23
6274,23
6275,20
6276,20
6277,20
6278,20
6279,20
6280,20
6281,20
6282,20
6283,2
6284,2
6285,2
6286,2
6287,8
6288,8
6289,8
6290,8
6291,14
6292,14
6293,14
6294,14
6295,14
6296,14
6297,14
6298,31
6299,31
6300,31
6301,31
6302,28
6303,28
6304,28
6305,28
6306,9
6307,9
6308,9
6309,9
6310,9
6311,30
6312,30
6313,30
6314,30
6315,30
6316,29
6317,29
6318,29
6319,29
6320,20
6321,20
6322,20
6323,20
6324,20
6325,9
6326,9
6327,9
6328,9
6329,12
6330,12
6331,12
6332,12
6333,12
6334,12
6335,12
6336,12
6337,12
6338,0
6339,0
6340,0
6341,0
6342,14
6343,14
6344,14
6345,14
6346,9
6347,9
6348,9
6349,9
6350,28
6351,28
6352,28
6353,28
6354,19
6355,19
6356,19
6357,19
6358,31
6359,31
6360,31
6361,31
6362,31
6363,7
6364,7
6365,7
6366,7
6367,6
6368,6
6369,6
6370,6
6371,6
6372,30
6373,30
6374,30
6375,30
6376,9
6377,9
6378,9
6379,9
6380,9
6381,18
6382,18
6383,18
6384,18
6385,0
6386,0
6387,0
6388,0
6389,30
6390,30
6391,30
6392,30
6393,30
6394,30
6395,30
6396,30
6397,20
6398,20
6399,20
6400,20
6401,31
6402,31
6403,31
6404,31
6405,18
6406,18
6407,18
6408,18
6409,18
6410,29
6411,29
6412,29
6413,29
6414,29
6415,29
6416,29
6417,23
6418,23
6419,23
6420,23
6421,23
6422,26
6423,26
6424,26
6425,26
6426,4
6427,4
6428,4
6429,4
6430,4
6431,14
6432,14
6433,14
6434,14
6435,30
6436,30
6437,30
6438,30
6439,29
6440,29
6441,29
6442,29
6443,29
6444,15
6445,15
6446,15
6447,15
6448,30
6449,30
6450,30
6451,30
6452,26
6453,26
6454,26
6455,26
6456,4
6457,4
6458,4
6459,4
6460,26
6461,26
6462,26
6463,26
6464,6
6465,6
6466,6
6467,6
6468,21
6469,21
6470,21
6471,21
6472,21
6473,21
6474,21
6475,21
6476,23
6477,23
6478,23
6479,23
6480,23
6481,0
6482,0
6483,0
6484,0
6485,6
6486,6
6487,6
6488,6
6489,24
6490,24
6491,24
6492,24
6493,19
6494,19
6495,19
6496,19
6497,6
6498,6
6499,6
6500,6
6501,0
6502,0
6503,0
6504,0
6505,21
6506,21
6507,21
6508,21
6509,0
6510,0
6511,0
6512,0
6513,27
6514,27
6515,27
6516,27
6517,6
6518,6
6519,6
6520,6
6521,2
6522,2
6523,2
6524,2
6525,9
6526,9
6527,9
6528,9
6529,17
6530,17
6531,17
6532,17
6533,19
6534,19
6535,19
6536,19
6537,8
6538,8
6539,8
6540,8
6541,19
6542,19
6543,19
6544,19
6545,9
6546,9
6547,9
6548,9
6549,0
6550,0
6551,0
6552,0
6553,0
6554,0
6555,0
6556,0
6557,1
6558,1
6559,1
6560,1
6561,12
6562,12
6563,12
6564,12
6565,23
6566,23
6567,23
6568,23
6569,18
6570,18
6571,18
6572,18
6573,24
6574,24
6575,24
6576,24
6577,24
6578,23
6579,23
6580,23
6581,23
6582,2
6583,2
6584,2
6585,2
6586,3
6587,3
6588,3
6589,3
6590,9
6591,9
6592,9
6593,9
6594,9
6595,14
6596,14
6597,14
6598,14
6599,17
6600,17
6601,17
6602,17
6603,4
6604,4
6605,4
6606,4
6607,25
6608,25
6609,25
6610,25
6611,18
6612,18
6613,18
6614,18
6615,13
6616,13
6617,13
6618,13
6619,24
6620,24
6621,24
6622,24
6623,24
6624,24
6625,24
6626,4
6627,4
6628,4
6629,4
6630,12
6631,12
6632,12
6633,12
6634,8
6635,8
6636,8
6637,8
6638,17
6639,17
6640,17
6641,17
6642,20
6643,20
6644,20
6645,20
6646,26
6647,26
6648,26
6649,26
6650,4
6651,4
6652,4
6653,4
6654,23
6655,23
6656,23
6657,23
6658,21
6659,21
6660,21
6661,21
6662,29
6663,29
6664,29
6665,29
6666,15
6667,15
6668,15
6669,15
6670,7
6671,7
6672,7
6673,7
6674,2
6675,2
6676,2
6677,2
6678,28
6679,28
6680,28
6681,28
6682,18
6683,18
6684,18
6685,18
6686,17
6687,17
6688,17
6689,17
6690,17
6691,28
6692,28
6693,28
6694,28
6695,28
6696,26
6697,26
6698,26
6699,26
6700,21
6701,21
6702,21
6703,21
6704,5
6705,5
6706,5
6707,5
6708,2
6709,2
6710,2
6711,2
6712,26
6713,26
6714,26
6715,26
6716,25
6717,25
6718,25
6719,25
6720,2
6721,2
6722,2
6723,2
6724,20
6725,20
6726,20
6727,20
6728,29
6729,29
6730,29
6731,29
6732,29
6733,6
6734,6
6735,6
6736,6
6737,17
6738,17
6739,17
6740,17
6741,19
6742,19
6743,19
6744,19
6745,31
6746,31
6747,31
6748,31
6749,24
6750,24
6751,24
6752,24
6753,4
6754,4
6755,4
6756,4
6757,3
6758,3
6759,3
6760,3
6761,9
6762,9
6763,9
6764,9
6765,23
6766,23
6767,23
6768,23
6769,24
6770,24
6771,24
6772,24
6773,6
6774,6
6775,6
6776,6
6777,12
6778,12
6779,12
6780,12
6781,6
6782,6
6783,6
6784,6
6785,31
6786,31
6787,31
6788,31
6789,3
6790,3
6791,3
6792,3
6793,19
6794,19
6795,19
6796,19
6797,8
6798,8
6799,8
6800,8
6801,11
6802,11
6803,11
6804,11
6805,18
6806,18
6807,18
6808,18
6809,8
6810,8
6811,8
6812,8
6813,14
6814,14
6815,14
6816,14
6817,30
6818,30
6819,30
6820,30
6821,27
6822,27
6823,27
6824,27
6825,9
6826,9
6827,9
6828,9
6829,13
6830,13
6831,13
6832,13
6833,12
6834,12
6835,12
6836,12
6837,8
6838,8
6839,8
6840,8
6841,1
6842,1
6843,1
6844,1
6845,1
6846,12
6847,12
6848,12
6849,12
6850,6
6851,6
6852,6
6853,6
6854,6
6855,30
6856,30
6857,30
6858,30
6859,26
6860,26
6861,26
6862,26
6863,27
6864,27
6865,27
6866,27
6867,29
6868,29
6869,29
6870,29
6871,29
6872,4
6873,4
6874,4
6875,4
6876,4
6877,23
6878,23
6879,23
6880,23
6881,19
6882,19
6883,19
6884,19
6885,19
6886,8
6887,8
6888,8
6889,8
6890,8
6891,16
6892,16
6893,16
6894,16
6895,16
6896,5
6897,5
6898,5
6899,5
6900,17
6901,17
6902,17
6903,17
6904,31
6905,31
6906,31
6907,31
6908,15
6909,15
6910,15
6911,15
6912,7
6913,7
6914,7
6915,7
6916,14
6917,14
6918,14
6919,14
6920,9
6921,9
6922,9
6923,9
6924,3
6925,3
6926,3
6927,3
6928,15
6929,15
6930,15
6931,15
6932,9
6933,9
6934,9
6935,9
6936,9
6937,22
6938,22
6939,22
6940,22
6941,19
6942,19
6943,19
6944,19
6945,29
6946,29
6947,29
6948,29
6949,20
6950,20
6951,20
6952,20
6953,18
6954,18
6955,18
6956,18
6957,7
6958,7
6959,7
6960,7
6961,7
6962,7
6963,7
6964,15
6965,15
6966,15
6967,15
6968,24
6969,24
6970,24
6971,24
6972,21
6973,21
6974,21
6975,21
6976,16
6977,16
6978,16
6979,16
6980,7
6981,7
6982,7
6983,7
6984,25
6985,25
6986,25
6987,25
6988,8
6989,8
6990,8
6991,8
6992,17
6993,17
6994,17
6995,17
6996,2
6997,2
6998,2
6999,2
7000,15
7001,15
7002,15
7003,15
7004,8
7005,8
7006,8
7007,8
7008,24
7009,24
7010,24
7011,24
7012,24
7013,27
7014,27
7015,27
7016,27
7017,10
7018,10
7019,10
7020,10
7021,10
7022,0
7023,0
7024,0
7025,0
7026,21
7027,21
7028,21
7029,21
7030,15
7031,15
7032,15
7033,15
7034,15
7035,15
7036,15
7037,15
7038,15
7039,8
7040,8
7041,8
7042,8
7043,8
7044,23
7045,23
7046,23
7047,23
7048,0
7049,0
7050,0
7051,0
7052,15
7053,15
7054,15
7055,15
7056,20
7057,20
7058,20
7059,20
7060,20
7061,20
7062,20
7063,20
7064,26
7065,26
7066,26
7067,26
7068,11
7069,11
7070,11
7071,11
7072,11
7073,16
7074,16
7075,16
7076,16
7077,29
7078,29
7079,29
7080,29
7081,29
7082,15
7083,15
7084,15
7085,15
7086,19
7087,19
7088,19
7089,19
7090,29
7091,29
7092,29
7093,29
7094,29
7095,19
7096,19
7097,19
7098,19
7099,19
7100,4
7101,4
7102,4
7103,4
7104,5
7105,5
7106,5
7107,5
7108,5
7109,12
7110,12
7111,12
7112,12
7113,0
7114,0
7115,0
7116,0
7117,4
7118,4
7119,4
7120,4
7121,4
7122,14
7123,14
7124,14
7125,14
7126,14
7127,3
7128,3
7129,3
7130,3
7131,28
7132,28
7133,28
7134,28
7135,28
7136,1
7137,1
7138,1
7139,1
7140,1
7141,6
7142,6
7143,6
7144,6
7145,6
7146,2
7147,2
7148,2
7149,2
7150,18
7151,18
7152,18
7153,18
7154,31
7155,31
7156,31
7157,31
7158,31
7159,31
7160,31
7161,6
7162,6
7163,6
7164,6
7165,6
7166,4
7167,4
7168,4
7169,4
7170,4
7171,10
7172,10
7173,10
7174,10
7175,10
7176,3
7177,3
7178,3
7179,3
7180,31
7181,31
7182,31
7183,31
7184,15
7185,15
7186,15
7187,15
7188,15
7189,0
7190,0
7191,0
7192,0
7193,0
7194,8
7195,8
7196,8
7197,8
7198,8
7199,8
7200,8
7201,8
7202,8
7203,2
7204,2
7205,2
7206,2
7207,2
7208,1
7209,1
7210,1
7211,1
7212,1
7213,1
7214,1
7215,1
7216,1
7217,2
7218,2
7219,2
7220,2
7221,17
7222,17
7223,17
7224,17
7225,0
7226,0
7227,0
7228,0
7229,0
7230,18
7231,18
7232,18
7233,18
7234,19
7235,19
7236,19
7237,19
7238,30
7239,30
7240,30
7241,30
7242,30
7243,15
7244,15
7245,15
7246,15
7247,15
7248,24
7249,24
7250,24
7251,24
7252,21
7253,21
7254,21
7255,21
7256,21
7257,21
7258,21
7259,21
7260,21
7261,16
7262,16
7263,16
7264,16
7265,29
7266,29
7267,29
7268,29
7269,0
7270,0
7271,0
7272,0
7273,8
7274,8
7275,8
7276,8
7277,9
7278,9
7279,9
7280,9
7281,10
7282,10
7283,10
7284,10
7285,18
7286,18
7287,18
7288,18
7289,10
7290,10
7291,10
7292,10
7293,10
7294,14
7295,14
7296,14
7297,14
7298,27
7299,27
7300,27
7301,27
7302,27
7303,29
7304,29
7305,29
7306,29
7307,8
7308,8
7309,8
7310,8
7311,8
7312,26
7313,26
7314,26
7315,26
7316,2
7317,2
7318,2
7319,2
7320,2
7321,17
7322,17
7323,17
7324,17
7325,20
7326,20
7327,20
7328,20
7329,20
7330,20
7331,20
7332,20
7333,18
7334,18
7335,18
7336,18
7337,18
7338,0
7339,0
7340,0
7341,0
7342,4
7343,4
7344,4
7345,4
7346,4
7347,29
7348,29
7349,29
7350,29
7351,12
7352,12
7353,12
7354,12
7355,18
7356,18
7357,18
7358,18
7359,18
7360,18
7361,18
7362,18
7363,6
7364,6
7365,6
7366,6
7367,4
7368,4
7369,4
7370,4
7371,4
7372,20
7373,20
7374,20
7375,20
7376,19
7377,19
7378,19
7379,19
7380,4
7381,4
7382,4
7383,4
7384,4
7385,17
7386,17
7387,17
7388,17
7389,20
7390,20
7391,20
7392,20
7393,8
7394,8
7395,8
7396,8
7397,19
7398,19
7399,19
7400,19
7401,19
7402,19
7403,19
7404,24
7405,24
7406,24
7407,24
7408,9
7409,9
7410,9
7411,9
7412,18
7413,18
7414,18
7415,18
7416,13
7417,13
7418,13
7419,13
7420,19
7421,19
7422,19
7423,19
7424,19
7425,19
7426,19
7427,19
7428,19
7429,2
7430,2
7431,2
7432,2
7433,12
7434,12
7435,12
7436,12
7437,1
7438,1
7439,1
7440,1
7441,14
7442,14
7443,14
7444,14
7445,14
7446,2
7447,2
7448,2
7449,2
7450,2
7451,18
7452,18
7453,18
7454,18
7455,18
7456,14
7457,14
7458,14
7459,14
7460,31
7461,31
7462,31
7463,31
7464,18
7465,18
7466,18
7467,18
7468,7
7469,7
7470,7
7471,7
7472,21
7473,21
7474,21
7475,21
7476,4
7477,4
7478,4
7479,4
7480,0
7481,0
7482,0
7483,0
7484,26
7485,26
7486,26
7487,26
7488,4
7489,4
7490,4
7491,4
7492,4
7493,3
7494,3
7495,3
7496,3
7497,12
7498,12
7499,12
7500,12
7501,12
7502,6
7503,6
7504,6
7505,6
7506,23
7507,23
7508,23
7509,23
7510,23
7511,3
7512,3
7513,3
7514,3
7515,13
7516,13
7517,13
7518,13
7519,13
7520,19
7521,19
7522,19
7523,19
7524,12
7525,12
7526,12
7527,12
7528,7
7529,7
7530,7
7531,7
7532,0
7533,0
7534,0
7535,0
7536,21
7537,21
7538,21
7539,21
7540,20
7541,20
7542,20
7543,20
7544,6
7545,6
7546,6
7547,6
7548,20
7549,20
7550,20
7551,20
7552,21
7553,21
7554,21
7555,21
7556,24
7557,24
7558,24
7559,24
7560,1
7561,1
7562,1
7563,1
7564,18
7565,18
7566,18
7567,18
7568,21
7569,21
7570,21
7571,21
7572,20
7573,20
7574,20
7575,20
7576,23
7577,23
7578,23
7579,23
7580,23
7581,28
7582,28
7583,28
7584,28
7585,6
7586,6
7587,6
7588,6
7589,6
7590,12
7591,12
7592,12
7593,12
7594,24
7595,24
7596,24
7597,24
7598,24
7599,24
7600,24
7601,24
7602,24
7603,24
7604,31
7605,31
7606,31
7607,31
7608,31
7609,31
7610,31
7611,31
7612,12
7613,12
7614,12
7615,12
7616,12
7617,31
7618,31
7619,31
7620,31
7621,20
7622,20
7623,20
7624,20
7625,20
7626,8
7627,8
7628,8
7629,8
7630,8
7631,8
7632,8
7633,8
7634,3
7635,3
7636,3
7637,3
7638,2
7639,2
7640,2
7641,2
7642,2
7643,0
7644,0
7645,0
7646,0
7647,9
7648,9
7649,9
7650,9
7651,9
7652,9
7653,21
7654,21
7655,21
7656,21
7657,19
7658,19
7659,19
7660,19
7661,23
7662,23
7663,23
7664,23
7665,24
7666,24
7667,24
7668,24
7669,0
7670,0
7671,0
7672,0
7673,15
7674,15
7675,15
7676,15
7677,15
7678,29
7679,29
7680,29
7681,29
7682,30
7683,30
7684,30
7685,19
7686,19
7687,19
7688,19
7689,12
7690,12
7691,12
7692,12
7693,23
7694,23
7695,23
7696,23
7697,23
7698,23
7699,23
7700,23
7701,23
7702,29
7703,29
7704,29
7705,29
7706,29
7707,22
7708,22
7709,22
7710,22
7711,22
7712,28
7713,28
7714,28
7715,28
7716,2
7717,2
7718,2
7719,2
7720,12
7721,12
7722,12
7723,12
7724,10
7725,10
7726,10
7727,10
7728,30
7729,30
7730,30
7731,30
7732,2
7733,2
7734,2
7735,2
7736,12
7737,12
7738,12
7739,12
7740,12
7741,8
7742,8
7743,8
7744,8
7745,17
7746,17
7747,17
7748,17
7749,19
7750,19
7751,19
7752,19
7753,0
7754,0
7755,0
7756,0
7757,24
7758,24
7759,24
7760,24
7761,6
7762,6
7763,6
7764,6
7765,6
7766,30
7767,30
7768,30
7769,30
7770,17
7771,17
7772,17
7773,17
7774,17
7775,17
7776,17
7777,17
7778,16
7779,16
7780,16
7781,16
7782,16
7783,16
7784,15
7785,15
7786,15
7787,15
7788,15
7789,15
7790,15
7791,8
7792,8
7793,8
7794,8
7795,23
7796,23
7797,23
7798,23
7799,23
7800,15
7801,15
7802,15
7803,15
7804,27
7805,27
7806,27
7807,27
7808,27
7809,0
7810,0
7811,0
7812,0
7813,12
7814,12
7815,12
7816,12
7817,26
7818,26
7819,26
7820,26
7821,19
7822,19
7823,19
7824,19
7825,2
7826,2
7827,2
7828,2
7829,31
7830,31
7831,31
7832,31
7833,31
7834,12
7835,12
7836,12
7837,12
7838,12
7839,12
7840,15
7841,15
7842,15
7843,15
7844,15
7845,19
7846,19
7847,19
7848,19
7849,0
7850,0
7851,0
7852,0
7853,27
7854,27
7855,27
7856,27
7857,16
7858,16
7859,16
7860,16
7861,8
7862,8
7863,8
7864,8
7865,21
7866,21
7867,21
7868,21
7869,7
7870,7
7871,7
7872,7
7873,0
7874,0
7875,0
7876,0
7877,28
7878,28
7879,28
7880,28
7881,28
7882,28
7883,28
7884,28
7885,2
7886,2
7887,2
7888,2
7889,2
7890,12
7891,12
7892,12
7893,12
7894,9
7895,9
7896,9
7897,9
7898,9
7899,9
7900,9
7901,9
7902,30
7903,30
7904,30
7905,30
7906,18
7907,18
7908,18
7909,18
7910,1
7911,1
7912,1
7913,1
7914,29
7915,29
7916,29
7917,29
7918,2
7919,2
7920,2
7921,2
7922,19
7923,19
7924,19
7925,19
7926,8
7927,8
7928,8
7929,8
7930,12
7931,12
7932,12
7933,12
7934,3
7935,3
7936,3
7937,3
7938,2
7939,2
7940,2
7941,2
7942,19
7943,19
7944,19
7945,19
7946,13
7947,13
7948,13
7949,13
7950,31
7951,31
7952,31
7953,31
7954,11
7955,11
7956,11
7957,11
7958,3
7959,3
7960,3
7961,3
7962,16
7963,16
7964,16
7965,16
7966,6
7967,6
7968,6
7969,6
7970,17
7971,17
7972,17
7973,17
7974,21
7975,21
7976,21
7977,21
7978,24
7979,24
7980,24
7981,24
7982,24
7983,24
7984,24
7985,15
7986,15
7987,15
7988,15
7989,27
7990,27
7991,27
7992,27
7993,27
7994,30
7995,30
7996,30
7997,30
7998,9
7999,9
8000,9
8001,9
8002,9
8003,20
8004,20
8005,20
8006,20
8007,23
8008,23
8009,23
8010,23
8011,17
8012,17
8013,17
8014,17
8015,29
8016,29
8017,29
8018,29
8019,6
8020,6
8021,6
8022,6
8023,20
8024,20
8025,20
8026,20
8027,13
8028,13
8029,13
8030,13
8031,6
8032,6
8033,6
8034,6
8035,24
8036,24
8037,24
8038,24
8039,0
8040,0
8041,0
8042,0
8043,23
8044,23
8045,23
8046,23
8047,30
8048,30
8049,30
8050,30
8051,17
8052,17
8053,17
8054,17
8055,8
8056,8
8057,8
8058,8
8059,23
8060,23
8061,23
8062,23
8063,8
8064,8
8065,8
8066,8
8067,26
8068,26
8069,26
8070,26
8071,4
8072,4
8073,4
8074,4
8075,18
8076,18
8077,18
8078,18
8079,9
8080,9
8081,9
8082,9
8083,25
8084,25
8085,25
8086,25
8087,25
8088,20
8089,20
8090,20
8091,20
8092,2
8093,2
8094,2
8095,2
8096,2
8097,4
8098,4
8099,4
8100,4
8101,17
8102,17
8103,17
8104,17
8105,8
8106,8
8107,8
8108,8
8109,4
8110,4
8111,4
8112,4
8113,6
8114,6
8115,6
8116,6
8117,17
8118,17
8119,17
8120,17
8121,5
8122,5
8123,5
8124,5
8125,5
8126,1
8127,1
8128,1
8129,1
8130,1
8131,1
8132,1
8133,1
8134,25
8135,25
8136,25
8137,25
8138,24
8139,24
8140,24
8141,24
8142,14
8143,14
8144,14
8145,14
8146,10
8147,10
8148,10
8149,10
8150,31
8151,31
8152,31
8153,31
8154,12
8155,12
8156,12
8157,12
8158,10
8159,10
8160,10
8161,10
8162,2
8163,2
8164,2
8165,2
8166,31
8167,31
8168,31
8169,31
8170,5
8171,5
8172,5
8173,5
8174,14
8175,14
8176,14
8177,14
8178,26
8179,26
8180,26
8181,26
8182,16
8183,16
8184,16
8185,16
8186,7
8187,7
8188,7
8189,7
8190,23
8191,23
8192,23
8193,23
8194,30
8195,30
8196,30
8197,30
8198,19
8199,19
8200,19
8201,19
8202,31
8203,31
8204,31
8205,31
8206,28
8207,28
8208,28
8209,28
8210,1
8211,1
8212,1
8213,1
8214,1
8215,4
8216,4
8217,4
8218,4
8219,8
8220,8
8221,8
8222,8
8223,0
8224,0
8225,0
8226,0
8227,24
8228,24
8229,24
8230,24
8231,24
8232,18
8233,18
8234,18
8235,18
8236,25
8237,25
8238,25
8239,25
8240,24
8241,24
8242,24
8243,24
8244,3
8245,3
8246,3
8247,3
8248,12
8249,12
8250,12
8251,12
8252,5
8253,5
8254,5
8255,5
8256,31
8257,31
8258,31
8259,31
8260,5
8261,5
8262,5
8263,5
8264,3
8265,3
8266,3
8267,3
8268,3
8269,1
8270,1
8271,1
8272,1
8273,11
8274,11
8275,11
8276,11
8277,26
8278,26
8279,26
8280,26
8281,19
8282,19
8283,19
8284,19
8285,18
8286,18
8287,18
8288,18
8289,20
8290,20
8291,20
8292,20
8293,20
8294,20
8295,20
8296,18
8297,18
8298,18
8299,18
8300,18
8301,10
8302,10
8303,10
8304,10
8305,31
8306,31
8307,31
8308,31
8309,31
8310,14
8311,14
8312,14
8313,14
8314,26
8315,26
8316,26
8317,26
8318,20
8319,20
8320,20
8321,20
8322,1
8323,1
8324,1
8325,1
8326,1
8327,3
8328,3
8329,3
8330,3
8331,3
8332,20
8333,20
8334,20
8335,20
8336,20
8337,20
8338,4
8339,4
8340,4
8341,4
8342,4
8343,4
8344,4
8345,26
8346,26
8347,26
8348,26
8349,26
8350,26
8351,16
8352,16
8353,16
8354,16
8355,16
8356,0
8357,0
8358,0
8359,0
8360,0
8361,16
8362,16
8363,16
8364,16
8365,7
8366,7
8367,7
8368,7
8369,7
8370,7
8371,30
8372,30
8373,30
8374,30
8375,30
8376,30
8377,1
8378,1
8379,1
8380,1
8381,10
8382,10
8383,10
8384,10
8385,18
8386,18
8387,18
8388,18
8389,25
8390,25
8391,25
8392,25
8393,27
8394,27
8395,27
8396,27
8397,14
8398,14
8399,14
8400,14
8401,24
8402,24
8403,24
8404,24
8405,3
8406,3
8407,3
8408,3
8409,26
8410,26
8411,26
8412,26
8413,16
8414,16
8415,16
8416,16
8417,13
8418,13
8419,13
8420,13
8421,20
8422,20
8423,20
8424,20
8425,23
8426,23
8427,23
8428,23
8429,10
8430,10
8431,10
8432,10
8433,20
8434,20
8435,20
8436,20
8437,20
8438,31
8439,31
8440,31
8441,31
8442,26
8443,26
8444,26
8445,26
8446,23
8447,23
8448,23
8449,23
8450,26
8451,26
8452,26
8453,26
8454,16
8455,16
8456,16
8457,16
8458,13
8459,13
8460,13
8461,13
8462,4
8463,4
8464,4
8465,4
8466,4
8467,4
8468,23
8469,23
8470,23
8471,23
8472,23
8473,23
8474,23
8475,23
8476,17
8477,17
8478,17
8479,17
8480,7
8481,7
8482,7
8483,7
8484,10
8485,10
8486,10
8487,10
8488,4
8489,4
8490,4
8491,4
8492,23
8493,23
8494,23
8495,23
8496,2
8497,2
8498,2
8499,2
8500,24
8501,24
8502,24
8503,24
8504,24
8505,24
8506,24
8507,24
8508,29
8509,29
8510,29
8511,29
8512,29
8513,29
8514,29
8515,29
8516,25
8517,25
8518,25
8519,25
8520,1
8521,1
8522,1
8523,1
8524,13
8525,13
8526,13
8527,13
8528,0
8529,0
8530,0
8531,0
8532,8
8533,8
8534,8
8535,8
8536,8
8537,8
8538,8
8539,8
8540,13
8541,13
8542,13
8543,13
8544,6
8545,6
8546,6
8547,6
8548,9
8549,9
8550,9
8551,9
8552,24
8553,24
8554,24
8555,24
8556,25
8557,25
8558,25
8559,25
8560,10
8561,10
8562,10
8563,10
8564,12
8565,12
8566,12
8567,12
8568,16
8569,16
8570,16
8571,16
8572,27
8573,27
8574,27
8575,27
8576,20
8577,20
8578,20
8579,20
8580,0
8581,0
8582,0
8583,0
8584,31
8585,31
8586,31
8587,31
8588,13
8589,13
8590,13
8591,13
8592,29
8593,29
8594,29
8595,29
8596,1
8597,1
8598,1
8599,1
8600,1
8601,16
8602,16
8603,16
8604,16
8605,26
8606,26
8607,26
8608,26
8609,29
8610,29
8611,29
8612,29
8613,30
8614,30
8615,30
8616,30
8617,7
8618,7
8619,7
8620,7
8621,23
8622,23
8623,23
8624,23
8625,4
8626,4
8627,4
8628,4
8629,31
8630,31
8631,31
8632,31
8633,24
8634,24
8635,24
8636,24
8637,23
8638,23
8639,23
8640,23
8641,4
8642,4
8643,4
8644,4
8645,14
8646,14
8647,14
8648,14
8649,3
8650,3
8651,3
8652,3
8653,0
8654,0
8655,0
8656,0
8657,18
8658,18
8659,18
8660,18
8661,18
8662,18
8663,18
8664,18
8665,6
8666,6
8667,6
8668,6
8669,26
8670,26
8671,26
8672,26
8673,16
8674,16
8675,16
8676,16
8677,23
8678,23
8679,23
8680,23
8681,16
8682,16
8683,16
8684,16
8685,30
8686,30
8687,30
8688,30
8689,19
8690,19
8691,19
8692,19
8693,31
8694,31
8695,31
8696,31
8697,20
8698,20
8699,20
8700,20
8701,26
8702,26
8703,26
8704,26
8705,7
8706,7
8707,7
8708,7
8709,21
8710,21
8711,21
8712,21
8713,31
8714,31
8715,31
8716,31
8717,17
8718,17
8719,17
8720,17
8721,23
8722,23
8723,23
8724,23
8725,4
8726,4
8727,4
8728,4
8729,24
8730,24
8731,24
8732,24
8733,24
8734,24
8735,24
8736,24
8737,2
8738,2
8739,2
8740,2
8741,12
8742,12
8743,12
8744,12
8745,27
8746,27
8747,27
8748,27
8749,12
8750,12
8751,12
8752,12
8753,21
8754,21
8755,21
8756,21
8757,24
8758,24
8759,24
8760,24
8761,5
8762,5
8763,5
8764,5
8765,17
8766,17
8767,17
8768,17
8769,29
8770,29
8771,29
8772,29
8773,1
8774,1
8775,1
8776,1
8777,14
8778,14
8779,14
8780,14
8781,3
8782,3
8783,3
8784,3
8785,3
8786,3
8787,3
8788,3
8789,6
8790,6
8791,6
8792,6
8793,0
8794,0
8795,0
8796,0
8797,0
8798,0
8799,0
8800,0
8801,26
8802,26
8803,26
8804,26
8805,4
8806,4
8807,4
8808,4
8809,23
8810,23
8811,23
8812,23
8813,15
8814,15
8815,15
8816,15
8817,5
8818,5
8819,5
8820,5
8821,11
8822,11
8823,11
8824,11
8825,8
8826,8
8827,8
8828,8
8829,13
8830,13
8831,13
8832,13
8833,13
8834,13
8835,16
8836,16
8837,16
8838,16
8839,0
8840,0
8841,0
8842,0
8843,0
8844,0
8845,11
8846,11
8847,11
8848,11
8849,3
8850,3
8851,3
8852,3
8853,7
8854,7
8855,7
8856,7
8857,5
8858,5
8859,5
8860,5
8861,26
8862,26
8863,26
8864,26
8865,26
8866,28
8867,28
8868,28
8869,28
8870,7
8871,7
8872,7
8873,7
8874,9
8875,9
8876,9
8877,9
8878,15
8879,15
8880,15
8881,15
8882,15
8883,15
8884,15
8885,15
8886,15
8887,2
8888,2
8889,2
8890,2
8891,2
8892,2
8893,5
8894,5
8895,5
8896,5
8897,5
8898,19
8899,19
8900,19
8901,19
8902,23
8903,23
8904,23
8905,23
8906,23
8907,0
8908,0
8909,0
8910,0
8911,0
8912,27
8913,27
8914,27
8915,27
8916,21
8917,21
8918,21
8919,21
8920,21
8921,21
8922,21
8923,21
8924,4
8925,4
8926,4
8927,4
8928,17
8929,17
8930,17
8931,17
8932,31
8933,31
8934,31
8935,31
8936,28
8937,28
8938,28
8939,28
8940,4
8941,4
8942,4
8943,4
8944,8
8945,8
8946,8
8947,8
8948,19
8949,19
8950,19
8951,19
8952,13
8953,13
8954,13
8955,13
8956,10
8957,10
8958,10
8959,10
8960,10
8961,0
8962,0
8963,0
8964,0
8965,3
8966,3
8967,3
8968,3
8969,28
8970,28
8971,28
8972,28
8973,10
8974,10
8975,10
8976,10
8977,4
8978,4
8979,4
8980,4
8981,20
8982,20
8983,20
8984,20
8985,26
8986,26
8987,26
8988,26
8989,7
8990,7
8991,7
8992,7
8993,13
8994,13
8995,13
8996,13
8997,1
8998,1
8999,1
9000,1
9001,26
9002,26
9003,26
9004,26
9005,26
9006,3
9007,3
9008,3
9009,3
9010,3
9011,3
9012,3
9013,3
9014,10
9015,10
9016,10
9017,10
9018,5
9019,5
9020,5
9021,5
9022,5
9023,10
9024,10
9025,10
9026,10
9027,10
9028,31
9029,31
9030,31
9031,31
9032,4
9033,4
9034,4
9035,4
9036,28
9037,28
9038,28
9039,28
9040,23
9041,23
9042,23
9043,23
9044,23
9045,23
9046,23
9047,23
9048,1
9049,1
9050,1
9051,1
9052,14
9053,14
9054,14
9055,14
9056,6
9057,6
9058,6
9059,6
9060,4
9061,4
9062,4
9063,4
9064,4
9065,4
9066,4
9067,4
9068,26
9069,26
9070,26
9071,26
9072,26
9073,26
9074,26
9075,26
9076,20
9077,20
9078,20
9079,20
9080,24
9081,24
9082,24
9083,24
9084,3
9085,3
9086,3
9087,3
9088,3
9089,29
9090,29
9091,29
9092,29
9093,20
9094,20
9095,20
9096,20
9097,20
9098,31
9099,31
9100,31
9101,31
9102,31
9103,14
9104,14
9105,14
9106,14
9107,20
9108,20
9109,20
9110,20
9111,20
9112,14
9113,14
9114,14
9115,14
9116,23
9117,23
9118,23
9119,23
9120,30
9121,30
9122,30
9123,30
9124,3
9125,3
9126,3
9127,3
9128,5
9129,5
9130,5
9131,5
9132,3
9133,3
9134,3
9135,3
9136,3
9137,3
9138,3
9139,3
9140,23
9141,23
9142,23
9143,23
9144,26
9145,26
9146,26
9147,26
9148,4
9149,4
9150,4
9151,4
9152,24
9153,24
9154,24
9155,24
9156,4
9157,4
9158,4
9159,4
9160,1
9161,1
9162,1
9163,1
9164,1
9165,1
9166,8
9167,8
9168,8
9169,8
9170,24
9171,24
9172,24
9173,24
9174,19
9175,19
9176,19
9177,19
9178,6
9179,6
9180,6
9181,6
9182,5
9183,5
9184,5
9185,5
9186,5
9187,1
9188,1
9189,1
9190,1
9191,13
9192,13
9193,13
9194,13
9195,12
9196,12
9197,12
9198,12
9199,19
9200,19
9201,19
9202,19
9203,21
9204,21
9205,21
9206,21
9207,20
9208,20
9209,20
9210,20
9211,20
9212,13
9213,13
9214,13
9215,13
9216,6
9217,6
9218,6
9219,6
9220,15
9221,15
9222,15
9223,15
9224,7
9225,7
9226,7
9227,7
9228,24
9229,24
9230,24
9231,24
9232,7
9233,7
9234,7
9235,7
9236,7
9237,12
9238,12
9239,12
9240,12
9241,30
9242,30
9243,30
9244,30
9245,19
9246,19
9247,19
9248,19
9249,31
9250,31
9251,31
9252,31
9253,1
9254,1
9255,1
9256,1
9257,8
9258,8
9259,8
9260,8
9261,16
9262,16
9263,16
9264,16
9265,4
9266,4
9267,4
9268,4
9269,8
9270,8
9271,8
9272,8
9273,30
9274,30
9275,30
9276,30
9277,25
9278,25
9279,25
9280,25
9281,13
9282,13
9283,13
9284,13
9285,28
9286,28
9287,28
9288,28
9289,30
9290,30
9291,30
9292,30
9293,1
9294,1
9295,1
9296,1
9297,5
9298,5
9299,5
9300,5
9301,5
9302,5
9303,28
9304,28
9305,28
9306,28
9307,0
9308,0
9309,0
9310,0
9311,5
9312,5
9313,5
9314,5
9315,5
9316,20
9317,20
9318,20
9319,20
9320,0
9321,0
9322,0
9323,0
9324,0
9325,30
9326,30
9327,30
9328,30
9329,27
9330,27
9331,27
9332,27
9333,27
9334,1
9335,1
9336,1
9337,1
9338,1
9339,8
9340,8
9341,8
9342,8
9343,31
9344,31
9345,31
9346,31
9347,20
9348,20
9349,20
9350,20
9351,20
9352,20
9353,20
9354,20
9355,1
9356,1
9357,1
9358,1
9359,3
9360,3
9361,3
9362,3
9363,7
9364,7
9365,7
9366,7
9367,7
9368,7
9369,7
9370,7
9371,26
9372,26
9373,26
9374,26
9375,16
9376,16
9377,16
9378,16
9379,15
9380,15
9381,15
9382,15
9383,15
9384,3
9385,3
9386,3
9387,3
9388,10
9389,10
9390,10
9391,10
9392,10
9393,10
9394,10
9395,10
9396,10
9397,6
9398,6
9399,6
9400,6
9401,3
9402,3
9403,3
9404,3
9405,14
9406,14
9407,14
9408,14
9409,3
9410,3
9411,3
9412,3
9413,3
9414,20
9415,20
9416,20
9417,20
9418,18
9419,18
9420,18
9421,18
9422,18
9423,20
9424,20
9425,20
9426,20
9427,8
9428,8
9429,8
9430,8
9431,12
9432,12
9433,12
9434,12
9435,27
9436,27
9437,27
9438,27
9439,18
9440,18
9441,18
9442,18
9443,21
9444,21
9445,21
9446,21
9447,4
9448,4
9449,4
9450,4
9451,4
9452,22
9453,22
9454,22
9455,22
9456,0
9457,0
9458,0
9459,0
9460,7
9461,7
9462,7
9463,7
9464,31
9465,31
9466,31
9467,31
9468,31
9469,31
9470,7
9471,7
9472,7
9473,7
9474,7
9475,8
9476,8
9477,8
9478,8
9479,8
9480,8
9481,4
9482,4
9483,4
9484,4
9485,30
9486,30
9487,30
9488,30
9489,18
9490,18
9491,18
9492,18
9493,19
9494,19
9495,19
9496,19
9497,19
9498,31
9499,31
9500,31
9501,31
9502,23
9503,23
9504,23
9505,23
9506,23
9507,23
9508,23
9509,23
9510,23
9511,23
9512,18
9513,18
9514,18
9515,18
9516,28
9517,28
9518,28
9519,28
9520,28
9521,19
9522,19
9523,19
9524,19
9525,19
9526,30
9527,30
9528,30
9529,30
9530,30
9531,2
9532,2
9533,2
9534,2
9535,1
9536,1
9537,1
9538,1
9539,1
9540,4
9541,4
9542,4
9543,4
9544,4
9545,30
9546,30
9547,30
9548,30
9549,13
9550,13
9551,13
9552,13
9553,13
9554,13
9555,13
9556,13
9557,13
9558,29
9559,29
9560,29
9561,29
9562,14
9563,14
9564,14
9565,14
9566,14
9567,27
9568,27
9569,27
9570,27
9571,27
9572,28
9573,28
9574,28
9575,28
9576,28
9577,28
9578,8
9579,8
9580,8
9581,8
9582,8
9583,28
9584,28
9585,28
9586,28
9587,21
9588,21
9589,21
9590,21
9591,21
9592,21
9593,8
9594,8
9595,8
9596,8
9597,19
9598,19
9599,19
9600,19
9601,19
9602,19
9603,19
9604,19
9605,28
9606,28
9607,28
9608,28
9609,27
9610,27
9611,27
9612,27
9613,27
9614,27
9615,27
9616,21
9617,21
9618,21
9619,21
9620,2
9621,2
9622,2
9623,2
9624,0
9625,0
9626,0
9627,0
9628,0
9629,12
9630,12
9631,12
9632,12
9633,4
9634,4
9635,4
9636,4
9637,27
9638,27
9639,27
9640,27
9641,21
9642,21
9643,21
9644,21
9645,25
9646,25
9647,25
9648,25
9649,25
9650,4
9651,4
9652,4
9653,4
9654,19
9655,19
9656,19
9657,19
9658,17
9659,17
9660,17
9661,17
9662,16
9663,16
9664,16
9665,16
9666,16
9667,8
9668,8
9669,8
9670,8
9671,8
9672,9
9673,9
9674,9
9675,9
9676,9
9677,27
9678,27
9679,27
9680,27
9681,27
9682,25
9683,25
9684,25
9685,25
9686,25
9687,2
9688,2
9689,2
9690,2
9691,2
9692,2
9693,2
9694,6
9695,6
9696,6
9697,6
9698,6
9699,21
9700,21
9701,21
9702,21
9703,21
9704,29
9705,29
9706,29
9707,29
9708,8
9709,8
9710,8
9711,8
9712,17
9713,17
9714,17
9715,17
9716,16
9717,16
9718,16
9719,16
9720,2
9721,2
9722,2
9723,2
9724,25
9725,25
9726,25
9727,25
9728,2
9729,2
9730,2
9731,2
9732,0
9733,0
9734,0
9735,0
9736,0
9737,12
9738,12
9739,12
9740,12
9741,23
9742,23
9743,23
9744,23
9745,17
9746,17
9747,17
9748,17
9749,15
9750,15
9751,15
9752,15
9753,10
9754,10
9755,10
9756,10
9757,1
9758,1
9759,1
9760,1
9761,5
9762,5
9763,5
9764,5
9765,5
9766,28
9767,28
9768,28
9769,28
9770,4
9771,4
9772,4
9773,4
9774,5
9775,5
9776,5
9777,5
9778,10
9779,10
9780,10
9781,10
9782,8
9783,8
9784,8
9785,8
9786,18
9787,18
9788,18
9789,18
9790,13
9791,13
9792,13
9793,13
9794,13
9795,13
9796,3
9797,3
9798,3
9799,3
9800,11
9801,11
9802,11
9803,11
9804,11
9805,29
9806,29
9807,29
9808,29
9809,8
9810,8
9811,8
9812,8
9813,26
9814,26
9815,26
9816,26
9817,26
9818,26
9819,26
9820,26
9821,28
9822,28
9823,28
9824,28
9825,14
9826,14
9827,14
9828,14
9829,4
9830,4
9831,4
9832,4
9833,1
9834,1
9835,1
9836,1
9837,23
9838,23
9839,23
9840,23
9841,31
9842,31
9843,31
9844,31
9845,14
9846,14
9847,14
9848,14
9849,3
9850,3
9851,3
9852,3
9853,20
9854,20
9855,20
9856,20
9857,24
9858,24
9859,24
9860,24
9861,25
9862,25
9863,25
9864,25
9865,25
9866,16
9867,16
9868,16
9869,16
9870,16
9871,19
9872,19
9873,19
9874,19
9875,10
9876,10
9877,10
9878,10
9879,7
9880,7
9881,7
9882,7
9883,24
9884,24
9885,24
9886,24
9887,6
9888,6
9889,6
9890,6
9891,25
9892,25
9893,25
9894,25
9895,25
9896,31
9897,31
9898,31
9899,31
9900,2
9901,2
9902,2
9903,2
9904,4
9905,4
9906,4
9907,4
9908,26
9909,26
9910,26
9911,26
9912,13
9913,13
9914,13
9915,13
9916,29
9917,29
9918,29
9919,29
9920,29
9921,6
9922,6
9923,6
9924,6
9925,6
9926,6
9927,25
9928,25
9929,25
9930,25
9931,14
9932,14
9933,14
9934,14
9935,1
9936,1
9937,1
9938,1
9939,4
9940,4
9941,4
9942,4
9943,27
9944,27
9945,27
9946,27
9947,18
9948,18
9949,18
9950,18
9951,18
9952,10
9953,10
9954,10
9955,10
9956,10
9957,20
9958,20
9959,20
9960,20
9961,20
9962,20
9963,20
9964,20
9965,26
9966,26
9967,26
9968,26
9969,26
9970,3
9971,3
9972,3
9973,3
9974,6
9975,6
9976,6
9977,6
9978,7
9979,7
9980,7
9981,7
9982,2
9983,2
9984,2
9985,2
9986,12
9987,12
9988,12
9989,12
9990,28
9991,28
9992,28
9993,28
9994,23
9995,23
9996,23
9997,23
9998,6
9999,6
10000,6
10001,6
10002,6
10003,13
10004,13
10005,13
10006,13
10007,18
10008,18
10009,18
10010,18
10011,30
10012,30
10013,30
10014,30
10015,23
10016,23
10017,23
10018,23
10019,31
10020,31
10021,31
10022,31
10023,19
10024,19
10025,19
10026,19
10027,21
10028,21
10029,21
10030,21
10031,17
10032,17
10033,17
10034,17
10035,17
10036,7
10037,7
10038,7
10039,7
10040,14
10041,14
10042,14
10043,14
10044,4
10045,4
10046,4
10047,4
10048,8
10049,8
10050,8
10051,8
10052,8
10053,23
10054,23
10055,23
10056,23
10057,23
10058,29
10059,29
10060,29
10061,29
10062,15
10063,15
10064,15
10065,15
10066,15
10067,15
10068,4
10069,4
10070,4
10071,4
10072,9
10073,9
10074,9
10075,9
10076,20
10077,20
10078,20
10079,20
10080,20
10081,9
10082,9
10083,9
10084,9
10085,0
10086,0
10087,0
10088,0
10089,0
10090,0
10091,31
10092,31
10093,31
10094,31
10095,19
10096,19
10097,19
10098,19
10099,4
10100,4
10101,4
10102,4
10103,4
10104,4
10105,28
10106,28
10107,28
10108,28
10109,15
10110,15
10111,15
10112,15
10113,23
10114,23
10115,23
10116,23
10117,23
10118,28
10119,28
10120,28
10121,28
10122,26
10123,26
10124,26
10125,26
10126,24
10127,24
10128,24
10129,24
10130,24
10131,24
10132,24
10133,24
10134,24
10135,24
10136,24
10137,29
10138,29
10139,29
10140,29
10141,29
10142,12
10143,12
10144,12
10145,12
10146,12
10147,12
10148,16
10149,16
10150,16
10151,16
10152,26
10153,26
10154,26
10155,26
10156,26
10157,26
10158,1
10159,1
10160,1
10161,1
10162,18
10163,18
10164,18
10165,18
10166,2
10167,2
10168,2
10169,2
10170,4
10171,4
10172,4
10173,4
10174,30
10175,30
10176,30
10177,30
10178,3
10179,3
10180,3
10181,3
10182,3
10183,10
10184,10
10185,10
10186,10
10187,10
10188,10
10189,10
10190,10
10191,31
10192,31
10193,31
10194,31
10195,26
10196,26
10197,26
10198,26
10199,26
10200,31
10201,31
10202,31
10203,31
10204,13
10205,13
10206,13
10207,13
10208,15
10209,15
10210,15
10211,15
10212,5
10213,5
10214,5
10215,5
10216,10
10217,10
10218,10
10219,10
10220,6
10221,6
10222,6
10223,6
10224,11
10225,11
10226,11
10227,11
10228,6
10229,6
10230,6
10231,6
10232,12
10233,12
10234,12
10235,12
10236,12
10237,2
10238,2
10239,2
10240,2
10241,28
10242,28
10243,28
10244,28
10245,28
10246,27
10247,27
10248,27
10249,27
10250,4
10251,4
10252,4
10253,4
10254,4
10255,20
10256,20
10257,20
10258,20
10259,19
10260,19
10261,19
10262,19
10263,0
10264,0
10265,0
10266,0
10267,0
10268,26
10269,26
10270,26
10271,26
10272,4
10273,4
10274,4
10275,4
10276,4
10277,4
10278,4
10279,4
10280,17
10281,17
10282,17
10283,17
10284,17
10285,12
10286,12
10287,12
10288,12
10289,16
10290,16
10291,16
10292,16
10293,29
10294,29
10295,29
10296,29
10297,27
10298,27
10299,27
10300,27
10301,21
10302,21
10303,21
10304,21
10305,27
10306,27
10307,27
10308,27
10309,20
10310,20
10311,20
10312,20
10313,0
10314,0
10315,0
10316,0
10317,0
10318,27
10319,27
10320,27
10321,27
10322,13
10323,13
10324,13
10325,13
10326,19
10327,19
10328,19
10329,19
10330,29
10331,29
10332,29
10333,29
10334,6
10335,6
10336,6
10337,6
10338,9
10339,9
10340,9
10341,9
10342,3
10343,3
10344,3
10345,3
10346,3
10347,3
10348,3
10349,3
10350,10
10351,10
10352,10
10353,10
10354,24
10355,24
10356,24
10357,24
10358,13
10359,13
10360,13
10361,13
10362,12
10363,12
10364,12
10365,12
10366,0
10367,0
10368,0
10369,0
10370,27
10371,27
10372,27
10373,27
10374,8
10375,8
10376,8
10377,8
10378,31
10379,31
10380,31
10381,31
10382,0
10383,0
10384,0
10385,0
10386,19
10387,19
10388,19
10389,19
10390,9
10391,9
10392,9
10393,9
10394,24
10395,24
10396,24
10397,24
10398,1
10399,1
10400,1
10401,1
10402,29
10403,29
10404,29
10405,29
10406,24
10407,24
10408,24
10409,24
10410,31
10411,31
10412,31
10413,31
10414,24
10415,24
10416,24
10417,24
10418,24
10419,24
10420,24
10421,24
10422,21
10423,21
10424,21
10425,21
10426,18
10427,18
10428,18
10429,18
10430,24
10431,24
10432,24
10433,24
10434,0
10435,0
10436,0
10437,0
10438,24
10439,24
10440,24
10441,24
10442,3
10443,3
10444,3
10445,3
10446,27
10447,27
10448,27
10449,27
10450,31
10451,31
10452,31
10453,31
10454,13
10455,13
10456,13
10457,13
10458,0
10459,0
10460,0
10461,0
10462,26
10463,26
10464,26
10465,26
10466,14
10467,14
10468,14
10469,14
10470,20
10471,20
10472,20
10473,20
10474,0
10475,0
10476,0
10477,0
10478,26
10479,26
10480,26
10481,26
10482,3
10483,3
10484,3
10485,3
10486,26
10487,26
10488,26
10489,26
10490,30
10491,30
10492,30
10493,30
10494,7
10495,7
10496,7
10497,7
10498,7
10499,7
10500,7
10501,7
10502,23
10503,23
10504,23
10505,23
10506,0
10507,0
10508,0
10509,0
10510,0
10511,3
10512,3
10513,3
10514,3
10515,3
10516,3
10517,3
10518,3
10519,1
10520,1
10521,1
10522,1
10523,18
10524,18
10525,18
10526,18
10527,14
10528,14
10529,14
10530,14
10531,13
10532,13
10533,13
10534,13
10535,20
10536,20
10537,20
10538,20
10539,16
10540,16
10541,16
10542,16
10543,28
10544,28
10545,28
10546,28
10547,13
10548,13
10549,13
10550,13
10551,23
10552,23
10553,23
10554,23
10555,19
10556,19
10557,19
10558,19
10559,29
10560,29
10561,29
10562,29
10563,30
10564,30
10565,30
10566,30
10567,8
10568,8
10569,8
10570,8
10571,2
10572,2
10573,2
10574,2
10575,6
10576,6
10577,6
10578,6
10579,10
10580,10
10581,10
10582,10
10583,2
10584,2
10585,2
10586,2
10587,25
10588,25
10589,25
10590,25
10591,6
10592,6
10593,6
10594,6
10595,5
10596,5
10597,5
10598,5
10599,5
10600,24
10601,24
10602,24
10603,24
10604,12
10605,12
10606,12
10607,12
10608,18
10609,18
10610,18
10611,18
10612,18
10613,13
10614,13
10615,13
10616,13
10617,13
10618,13
10619,13
10620,13
10621,26
10622,26
10623,26
10624,26
10625,26
10626,25
10627,25
10628,25
10629,25
10630,25
10631,7
10632,7
10633,7
10634,7
10635,7
10636,29
10637,29
10638,29
10639,29
10640,29
10641,29
10642,29
10643,29
10644,26
10645,26
10646,26
10647,26
10648,1
10649,1
10650,1
10651,1
10652,1
10653,1
10654,1
10655,1
10656,12
10657,12
10658,12
10659,12
10660,18
10661,18
10662,18
10663,18
10664,14
10665,14
10666,14
10667,14
10668,14
10669,14
10670,14
10671,14
10672,15
10673,15
10674,15
10675,15
10676,27
10677,27
10678,27
10679,27
10680,20
10681,20
10682,20
10683,20
10684,20
10685,9
10686,9
10687,9
10688,9
10689,3
10690,3
10691,3
10692,3
10693,3
10694,3
10695,3
10696,3
10697,18
10698,18
10699,18
10700,18
10701,10
10702,10
10703,10
10704,10
10705,10
10706,26
10707,26
10708,26
10709,26
10710,2
10711,2
10712,2
10713,2
10714,25
10715,25
10716,25
10717,25
10718,20
10719,20
10720,20
10721,20
10722,16
10723,16
10724,16
10725,16
10726,16
10727,23
10728,23
10729,23
10730,23
10731,23
10732,16
10733,16
10734,16
10735,16
10736,16
10737,12
10738,12
10739,12
10740,12
10741,27
10742,27
10743,27
10744,27
10745,5
10746,5
10747,5
10748,5
10749,19
10750,19
10751,19
10752,19
10753,10
10754,10
10755,10
10756,10
10757,27
10758,27
10759,27
10760,27
10761,27
10762,27
10763,27
10764,27
10765,25
10766,25
10767,25
10768,25
10769,14
10770,14
10771,14
10772,14
10773,31
10774,31
10775,31
10776,31
10777,3
10778,3
10779,3
10780,3
10781,29
10782,29
10783,29
10784,29
10785,26
10786,26
10787,26
10788,26
10789,8
10790,8
10791,8
10792,8
10793,7
10794,7
10795,7
10796,7
10797,17
10798,17
10799,17
10800,17
10801,17
10802,17
10803,17
10804,17
10805,11
10806,11
10807,11
10808,11
10809,4
10810,4
10811,4
10812,4
10813,23
10814,23
10815,23
10816,23
10817,28
10818,28
10819,28
10820,28
10821,27
10822,27
10823,27
10824,27
10825,12
10826,12
10827,12
10828,12
10829,21
10830,21
10831,21
10832,21
10833,20
10834,20
10835,20
10836,20
10837,23
10838,23
10839,23
10840,23
10841,30
10842,30
10843,30
10844,30
10845,31
10846,31
10847,31
10848,31
10849,14
10850,14
10851,14
10852,14
10853,3
10854,3
10855,3
10856,3
10857,5
10858,5
10859,5
10860,5
10861,18
10862,18
10863,18
10864,18
10865,7
10866,7
10867,7
10868,7
10869,23
10870,23
10871,23
10872,23
10873,30
10874,30
10875,30
10876,30
10877,19
10878,19
10879,19
10880,19
10881,26
10882,26
10883,26
10884,26
10885,31
10886,31
10887,31
10888,31
10889,28
10890,28
10891,28
10892,28
10893,11
10894,11
10895,11
10896,11
10897,4
10898,4
10899,4
10900,4
10901,17
10902,17
10903,17
10904,17
10905,8
10906,8
10907,8
10908,8
10909,23
10910,23
10911,23
10912,23
10913,24
10914,24
10915,24
10916,24
10917,18
10918,18
10919,18
10920,18
10921,2
10922,2
10923,2
10924,2
10925,25
10926,25
10927,25
10928,25
10929,30
10930,30
10931,30
10932,30
10933,13
10934,13
10935,13
10936,13
10937,11
10938,11
10939,11
10940,11
10941,19
10942,19
10943,19
10944,19
10945,31
10946,31
10947,31
10948,31
10949,28
10950,28
10951,28
10952,28
10953,12
10954,12
10955,12
10956,12
10957,4
10958,4
10959,4
10960,4
10961,27
10962,27
10963,27
10964,27
10965,8
10966,8
10967,8
10968,8
10969,18
10970,18
10971,18
10972,18
